{
  "joint_limits_general_h": [
    1.57,
    1.04,
    2.06,
    1.2,
    1.91,
    3.14
  ],
  "joint_limits_general_l": [
    -1.57,
    -1.04,
     0.7,
    -1.2,
    -1.91,
    -3.14
  ],
  "joint_limits_circle_h": [
    1.57,
    1.04,
    2.26,
    3.14,
    1.57,
    1.57
  ],
  "joint_limits_circle_l": [
    -1.57,
    -1.04,
    -2.26,
    -3.14,
    -1.57,
    -1.57
  ],
  "cartesian_limits": [
    [
      -1.2,
      1.2
    ],
    [
      -1.2,
       1.2
    ],
    [
      0.175,
      1.2
    ]
  ],
  "nominal_dh": [
    [
      0,
      1.5708,
      0,
      3.14,
      0
    ],
    [
      0.8,
      0,
      0,
      1.5708,
      1
    ],
    [
      0.72,
      0,
      0,
      0,
      1
    ],
    [
      0,
      -1.5708,
      -0.191,
      -1.5708,
      0
    ],
    [
      0,
      -1.5708,
      0.13,
      0,
      0
    ],
    [
      0,
      0,
      0.176,
      0,
      0
    ]
  ],
  "nominal_base_params": [
    0,
    0,
    0,
    0,
    0,
    0
  ],
  "nominal_tool_params": [
    0,
    0,  
    0,
    0,
    0,
    1.5708
  ],
  "real_dh": [
    [
      0.002,
      1.56,
      0.192,
      1.5,
      0
    ],
    [
      0.801,
      0.005,
      0.003,
      1.55,
      1
    ],
    [
      0.722,
      0.001,
      0.001,
      0.004,
      1
    ],
    [
      0.001,
      -1.57,
      -0.191,
      -1.6,
      0
    ],
    [
      -0.003,
      -1.57,
      0.1305,
      0.02,
      0
    ],
    [
      0.005,
      0.01,
      0.0685,
      -0.015,
      0
    ]
  ],
  "real_base_params": [
    0,
    0,
    0,
    0,
    0,
    0
  ],
  "real_tool_params": [
    0,
    0,
    0,
    0,
    0,
    1.5708
  ],
  "zero_tracker_position": [
    0.386748434685619,
    1.1945282765584728,
    1.7519490761188377
  ],
  "max_z_angle": 3.14,
  "optimization_method": "levenberg_marquardt",
  "dataset_file": "data_ar_95_merged.csv",
  "base_circles_dataset_file": "base_circles_ar_95.csv",
  "tool_circles_dataset_file": "tool_circles_ar_95.csv",
  "results_file": "results.json",
  "general_samples_number": 100,
  "circle_samples_number": 50
}