q1,q2,q3,q4,q5,q6,index,obj,alpha_6,a_6,theta_6,d_6,theta_5,a_5,alpha_5,d_5,alpha_4,a_4,theta_4,alpha_3,a_3,theta_3,d_4,beta_3,alpha_2,a_2,theta_2,beta_2,alpha_1,a_1,d_1,theta_1
14.931,22.417,144.174,-80.678,53.588,45.846,a_6,-0.842,-0.024,0.788,0.888,-0.028,-0.042,-0.195,0.071,0.023,0.032,-0.067,0.006,0.058,0.009,0.043,0.006,-0.006,-0.020,0.036,0.005,-0.069,-0.010,-0.000,0.000,-0.000
15.093,25.231,136.765,-74.715,61.860,32.942,a_6,-0.840,0.000,-0.895,-1.008,0.016,0.018,-0.131,0.000,0.013,0.070,0.045,0.060,0.081,0.069,0.054,-0.009,-0.179,-0.038,0.010,0.005,-0.138,-0.027,0.002,0.000,-0.000
13.864,25.413,134.268,-73.419,108.855,-52.508,a_6,-0.744,0.183,0.655,0.738,-0.006,-0.007,0.088,0.081,0.018,-0.135,0.062,0.048,-0.155,0.108,0.050,0.011,-0.276,-0.002,0.012,-0.010,0.117,0.035,0.003,0.000,-0.000
14.348,24.923,140.864,-97.922,50.959,-179.909,a_6,-0.718,-0.735,1.320,1.487,-0.110,-0.454,-0.328,0.350,0.202,-0.432,-0.289,0.007,-0.049,-0.002,-0.016,-0.003,-0.012,0.011,-0.006,-0.005,0.021,0.008,0.001,0.000,-0.000
14.281,24.707,140.269,-86.596,102.952,-42.621,a_6,-0.707,0.053,0.457,0.515,-0.058,-0.067,0.193,-0.017,0.179,-0.154,0.086,0.106,-0.061,0.010,0.004,0.002,-0.053,0.009,0.000,-0.012,0.051,0.035,0.001,0.000,-0.000
14.765,24.996,140.967,-101.835,120.367,179.909,a_6,-0.670,-0.815,-1.153,-1.299,-0.073,0.509,0.244,0.275,0.223,0.561,-0.297,0.001,0.043,0.000,-0.015,0.003,0.032,-0.014,-0.006,0.002,-0.000,-0.008,0.002,0.000,-0.000
11.126,26.334,135.122,18.543,-125.271,114.520,a_6,-0.440,-0.574,0.940,1.058,0.136,0.319,-0.341,0.572,0.233,-0.319,1.389,0.366,-0.407,-0.048,-0.074,-0.048,-0.142,0.095,-0.029,-0.087,-0.083,0.237,0.004,-0.000,-0.000
-0.855,35.000,135.540,-33.844,179.851,94.061,a_6,-0.382,-0.232,1.215,1.369,-0.132,0.068,-0.237,0.512,-0.004,-1.442,0.752,-0.641,-1.098,0.071,-0.658,-0.235,-1.227,0.518,-0.152,-0.227,-0.673,0.775,0.052,0.000,-0.000
16.421,18.278,133.287,28.434,-49.619,-74.513,a_6,-0.379,-0.000,-1.218,-1.372,-0.231,-1.548,-0.680,1.497,-0.468,0.495,1.118,0.928,0.268,0.003,-0.613,0.011,-0.301,0.233,0.071,0.059,0.141,-0.197,0.016,0.000,-0.000
-1.245,34.999,138.540,-43.865,179.909,85.757,a_6,-0.374,-0.202,1.204,1.357,-0.154,0.269,-0.118,0.556,-0.048,-1.433,0.639,-0.827,-0.967,0.110,-0.633,-0.239,-1.332,0.537,-0.153,-0.234,-0.670,0.834,0.051,0.000,-0.000
25.837,24.629,140.067,-130.000,29.913,86.040,a_6,-0.373,0.557,-1.259,-1.419,-0.435,-0.088,-0.526,-0.308,0.749,-0.318,0.547,0.636,-0.492,0.027,0.051,-0.029,1.305,-0.592,0.029,0.558,-1.515,-1.406,0.071,0.000,-0.000
-1.920,28.383,138.860,-24.612,179.873,93.200,a_6,-0.371,-0.098,1.168,1.316,-0.211,-0.065,-0.309,0.601,-0.025,-1.363,0.847,-0.344,-1.046,0.026,-0.553,-0.244,-1.144,0.457,-0.045,-0.249,-0.912,0.966,0.047,0.000,-0.000
22.054,16.746,127.291,35.962,-50.322,-16.282,a_6,-0.367,0.120,-1.912,-2.153,-0.061,-3.086,-1.821,1.065,-0.586,0.480,-0.063,-0.215,2.020,0.212,-1.289,-0.043,-1.243,0.286,0.015,0.035,0.315,-0.360,0.116,0.000,-0.000
27.583,27.648,142.994,-21.735,-0.000,-85.054,a_6,-0.364,-0.388,-0.956,-1.077,0.071,-0.742,-0.139,0.521,-0.013,1.188,0.791,-0.047,0.631,0.070,-0.446,0.159,0.837,-0.426,0.004,0.312,0.572,-0.743,0.114,0.000,-0.000
-2.919,34.993,128.098,-12.091,169.666,140.651,a_6,-0.345,-0.576,1.288,1.451,-0.057,-0.697,-0.571,0.154,0.245,-1.425,0.925,-0.309,-1.814,-0.021,-0.953,-0.279,-0.983,0.470,-0.137,-0.195,-1.185,0.559,0.072,0.000,-0.000
-1.745,30.703,127.805,-58.079,179.907,-63.178,a_6,-0.345,0.000,1.431,1.612,0.410,1.469,1.217,-0.325,0.157,0.327,-0.122,0.032,-0.165,0.149,-1.385,0.169,-0.928,0.516,0.143,-0.288,2.576,0.744,0.216,0.000,-0.000
18.213,16.356,128.491,35.152,-60.168,17.501,a_6,-0.344,-0.301,1.825,2.055,0.000,2.969,1.652,-0.648,0.384,-0.025,0.946,1.390,-2.272,-0.201,0.409,0.043,1.501,-0.224,0.086,0.085,-0.803,-0.094,-0.045,0.000,-0.000
14.501,16.981,128.412,34.606,-86.174,33.158,a_6,-0.342,-0.005,1.869,2.105,-0.134,3.238,1.746,0.311,-0.075,0.070,0.710,0.887,-2.816,-0.045,-0.276,-0.000,1.129,-0.142,0.058,-0.002,-1.028,0.002,0.001,0.000,-0.000
-4.262,35.000,118.658,-9.873,139.843,147.125,a_6,-0.326,-0.524,1.562,1.760,-0.035,-0.294,-0.315,0.190,0.221,-1.913,0.677,0.180,-3.015,-0.075,-1.689,-0.258,-1.193,0.654,-0.063,-0.273,-0.624,0.580,0.176,-0.000,-0.000
38.841,17.880,138.438,-130.000,23.551,107.437,a_6,-0.296,0.262,-1.454,-1.638,-0.238,-0.012,-0.478,-0.306,0.786,0.087,0.699,0.899,-1.124,0.151,-1.454,-0.073,1.442,-0.363,0.106,1.179,-2.402,-2.416,0.254,0.000,-0.000
19.786,24.012,113.782,81.189,-30.289,-35.480,a_6,-0.280,-0.390,1.473,1.660,-0.000,1.928,1.191,-2.175,1.306,-0.996,1.152,2.292,-1.691,-0.351,0.279,0.085,1.308,-0.057,-0.001,0.091,0.534,-0.114,-0.024,-0.000,-0.000
14.218,26.346,111.877,109.389,-43.077,-62.130,a_6,-0.274,-0.455,1.385,1.561,0.000,1.138,0.778,-2.776,1.719,-0.802,0.858,2.084,-1.802,-0.342,-0.057,-0.005,0.857,0.034,-0.030,-0.005,0.091,0.007,0.001,0.000,-0.000
29.041,-22.085,-90.000,-160.991,72.212,83.467,a_6,-0.270,-0.668,1.233,1.389,0.092,0.708,0.138,0.189,0.031,-1.330,-0.050,0.341,-1.817,1.267,-1.441,0.243,-2.604,0.654,0.760,0.228,-0.722,-0.301,0.016,0.000,-0.000
27.860,-3.468,150.033,129.981,-36.079,-97.761,a_6,-0.270,-0.511,1.211,1.364,0.000,-0.202,0.008,-2.962,1.932,-1.370,0.408,1.233,0.183,-0.251,-0.296,0.223,0.882,0.112,0.481,0.193,0.202,-0.269,0.023,0.000,-0.000
22.131,34.998,94.731,120.641,-40.243,-95.154,a_6,-0.262,0.155,-1.562,-1.759,0.017,-1.653,-0.730,3.170,-1.536,1.531,0.658,1.212,2.207,0.565,0.770,-0.094,-0.582,-1.010,0.104,0.138,-2.141,-0.557,0.069,0.000,-0.000
46.604,-25.193,-89.569,-62.618,-143.538,161.158,a_6,-0.262,-0.471,1.374,1.548,-0.033,-1.103,-0.753,-0.575,0.688,-1.382,1.196,-0.294,-2.362,1.198,-1.633,0.526,-2.336,1.080,0.768,0.723,0.333,-0.675,0.048,0.000,-0.000
50.491,-20.280,-89.998,-69.413,-140.280,158.749,a_6,-0.262,-0.421,1.387,1.562,-0.098,-0.986,-0.702,-0.293,0.561,-1.539,1.214,-0.247,-2.262,1.246,-1.366,0.574,-2.475,1.078,0.686,1.043,0.601,-1.004,0.058,0.000,-0.000
43.661,-23.884,-89.998,-66.113,-144.399,150.052,a_6,-0.261,-0.381,1.331,1.500,-0.043,-1.065,-0.763,-0.501,0.638,-1.346,1.199,-0.300,-2.230,1.219,-1.623,0.477,-2.344,1.015,0.755,0.655,0.174,-0.670,0.044,-0.000,-0.000
43.817,-26.196,-89.999,-63.433,-143.650,167.102,a_6,-0.261,-0.589,1.349,1.520,-0.006,-1.156,-0.767,-0.544,0.675,-1.331,1.183,-0.379,-2.313,1.187,-1.729,0.483,-2.233,1.046,0.789,0.604,0.163,-0.585,0.045,0.000,-0.000
36.327,-25.365,-90.000,-64.066,-148.043,160.575,a_6,-0.261,-0.519,1.292,1.456,-0.017,-1.246,-0.836,-0.592,0.688,-1.104,1.202,-0.346,-2.130,1.215,-1.775,0.361,-2.135,0.899,0.790,0.400,-0.252,-0.463,0.034,0.000,-0.000
35.095,35.000,114.104,-128.117,5.235,128.548,a_6,-0.260,0.728,-1.627,-1.833,-0.337,0.297,-0.071,0.409,0.267,0.089,1.068,2.482,-1.001,0.303,0.897,-0.233,0.696,-1.747,0.124,0.746,-4.169,-1.798,0.158,-0.000,-0.000
30.716,-21.412,-89.997,-68.335,-150.160,160.283,a_6,-0.260,-0.508,1.240,1.396,-0.052,-1.303,-0.877,-0.469,0.640,-0.970,1.237,-0.261,-1.928,1.277,-1.698,0.266,-2.114,0.770,0.737,0.306,-0.478,-0.438,0.027,0.000,-0.000
14.908,-2.031,-90.000,-167.848,103.669,94.782,a_6,-0.259,-0.505,1.038,1.169,-0.199,0.546,0.072,0.638,-0.066,-1.536,0.162,0.652,-1.461,1.522,-1.027,0.006,-2.032,0.377,0.438,0.007,-0.709,-0.018,0.001,0.000,-0.000
54.658,-27.893,-89.999,-52.797,-140.827,169.324,a_6,-0.259,-0.489,1.444,1.627,-0.002,-1.069,-0.704,-0.815,0.815,-1.486,1.168,-0.223,-2.662,1.131,-1.548,0.660,-2.427,1.203,0.790,0.885,0.815,-0.623,0.055,0.000,-0.000
22.819,-6.282,-90.000,-82.278,-152.437,147.870,a_6,-0.259,-0.276,1.145,1.290,-0.195,-1.251,-0.904,-0.031,0.456,-0.822,1.341,0.120,-1.456,1.476,-1.238,0.127,-2.361,0.486,0.503,0.198,-0.535,-0.401,0.015,0.000,-0.000
41.250,-18.091,-89.899,-72.011,-144.807,140.861,a_6,-0.258,-0.252,1.275,1.436,-0.102,-1.026,-0.772,-0.337,0.563,-1.299,1.242,-0.147,-2.042,1.301,-1.432,0.428,-2.453,0.884,0.672,0.698,0.127,-0.829,0.043,0.000,-0.000
59.499,-29.022,-89.999,-54.093,-138.493,167.587,a_6,-0.258,-0.483,1.484,1.671,0.000,-0.978,-0.655,-0.733,0.765,-1.675,1.145,-0.277,-2.750,1.101,-1.503,0.736,-2.480,1.317,0.790,1.035,1.073,-0.639,0.058,-0.000,-0.000
46.883,-24.653,-90.000,-44.450,-144.086,-178.715,a_6,-0.257,-0.513,1.377,1.551,-0.010,-1.256,-0.781,-1.119,1.008,-0.996,1.208,0.001,-2.533,1.194,-1.512,0.533,-2.365,0.983,0.765,0.682,0.457,-0.605,0.049,0.000,-0.000
39.936,-1.507,-89.997,-88.408,-138.143,146.586,a_6,-0.256,-0.250,1.229,1.385,-0.235,-0.881,-0.719,0.360,0.302,-1.186,1.327,0.086,-1.434,1.499,-0.743,0.367,-2.771,0.442,0.418,0.979,0.205,-1.390,0.052,0.000,-0.000
48.617,-25.900,-89.999,-41.825,-143.219,178.634,a_6,-0.256,-0.477,1.389,1.565,0.005,-1.207,-0.758,-1.189,1.042,-1.019,1.188,-0.004,-2.590,1.173,-1.515,0.564,-2.406,1.020,0.780,0.699,0.534,-0.571,0.049,-0.000,-0.000
-56.996,-42.077,-59.194,129.993,179.908,-174.359,a_6,-0.255,-0.606,-1.435,-1.616,0.066,0.413,0.215,-0.076,0.507,1.983,-0.590,-0.822,0.420,1.252,-1.207,-1.084,-0.321,-1.760,0.791,1.126,-2.925,2.105,-0.224,0.000,-0.000
-66.635,-47.618,-60.735,108.354,-169.394,165.314,a_6,-0.255,-0.458,-1.593,-1.794,0.000,0.383,0.139,-0.817,0.812,2.977,-0.608,-0.718,0.696,1.127,-0.424,-1.217,0.446,-2.284,0.809,1.324,-3.134,1.595,-0.314,0.000,-0.000
-54.126,-40.248,-62.526,129.979,179.909,179.909,a_6,-0.255,-0.641,-1.410,-1.588,0.049,0.509,0.245,-0.166,0.551,1.937,-0.599,-0.873,0.311,1.252,-1.244,-1.047,-0.341,-1.553,0.790,1.011,-2.950,2.062,-0.209,0.000,-0.000
-2.471,35.000,122.439,22.604,179.529,-160.689,a_6,-0.254,-0.947,1.019,1.148,0.000,-1.634,-0.948,-0.646,0.708,-0.437,1.187,0.012,-1.947,-0.110,-0.760,-0.283,-0.680,0.339,-0.155,-0.141,-1.509,0.395,0.037,0.000,-0.000
69.366,-31.420,-89.995,-58.583,-132.492,158.532,a_6,-0.254,-0.434,1.555,1.751,0.012,-0.732,-0.540,-0.495,0.625,-2.055,1.086,-0.419,-2.842,1.036,-1.369,0.887,-2.579,1.590,0.783,1.384,1.558,-0.655,0.058,0.000,-0.000
-45.346,-32.391,-70.048,129.986,179.909,179.858,a_6,-0.254,-0.554,-1.335,-1.504,-0.034,0.694,0.348,-0.318,0.634,1.681,-0.582,-0.876,0.029,1.300,-1.346,-0.918,-0.644,-0.918,0.744,0.730,-2.830,2.182,-0.155,-0.000,-0.000
-44.592,-35.647,-58.525,129.993,179.909,-168.056,a_6,-0.253,-0.466,-1.337,-1.506,-0.064,0.613,0.341,-0.112,0.513,1.460,-0.549,-0.778,0.016,1.382,-1.849,-0.900,-0.805,-1.108,0.768,0.734,-2.536,2.318,-0.155,0.000,-0.000
-60.686,-46.801,-57.876,128.855,179.870,179.909,a_6,-0.253,-0.697,-1.470,-1.656,0.123,0.369,0.170,-0.107,0.513,2.183,-0.628,-0.901,0.536,1.192,-1.113,-1.142,-0.062,-2.097,0.825,1.162,-3.072,1.768,-0.259,-0.000,-0.000
45.420,-11.560,-90.000,-75.757,-138.464,167.828,a_6,-0.253,-0.508,1.279,1.440,-0.133,-1.050,-0.733,-0.015,0.489,-1.364,1.289,-0.037,-1.958,1.366,-1.095,0.475,-2.535,0.790,0.566,1.039,0.436,-1.229,0.059,0.000,-0.000
57.144,-26.402,-89.998,-33.921,-139.137,-170.192,a_6,-0.253,-0.498,1.466,1.652,0.000,-1.109,-0.666,-1.352,1.131,-1.137,1.142,0.100,-2.837,1.138,-1.338,0.699,-2.589,1.130,0.767,0.957,1.073,-0.628,0.056,0.000,-0.000
48.375,-24.597,-89.995,-33.734,-142.367,-162.472,a_6,-0.252,-0.576,1.390,1.566,-0.005,-1.270,-0.739,-1.444,1.186,-0.777,1.166,0.125,-2.640,1.188,-1.449,0.558,-2.407,0.969,0.763,0.707,0.585,-0.594,0.051,0.000,-0.000
64.981,-28.923,-89.997,-47.928,-136.227,-179.736,a_6,-0.252,-0.545,1.522,1.714,0.003,-0.981,-0.620,-0.851,0.841,-1.729,1.136,-0.150,-2.939,1.080,-1.342,0.820,-2.575,1.366,0.772,1.223,1.457,-0.656,0.063,-0.000,-0.000
36.162,-24.304,-89.999,-41.628,-148.610,-170.194,a_6,-0.252,-0.593,1.289,1.452,-0.002,-1.454,-0.870,-1.286,1.097,-0.535,1.216,0.010,-2.297,1.223,-1.629,0.360,-2.115,0.804,0.780,0.374,-0.156,-0.423,0.036,0.000,-0.000
69.414,-30.299,-89.996,-51.314,-133.128,171.229,a_6,-0.251,-0.499,1.555,1.752,0.020,-0.841,-0.566,-0.683,0.750,-1.940,1.112,-0.242,-2.956,1.047,-1.288,0.888,-2.623,1.500,0.772,1.379,1.657,-0.651,0.061,0.000,-0.000
15.246,-0.001,-89.662,-90.130,-155.169,141.256,a_6,-0.251,-0.188,1.080,1.217,-0.246,-1.226,-0.916,0.196,0.348,-0.697,1.365,0.262,-1.175,1.558,-1.074,0.010,-2.434,0.390,0.401,0.016,-0.696,-0.040,0.001,0.000,-0.000
-55.751,-35.072,-71.449,129.996,179.909,173.809,a_6,-0.251,-0.653,-1.401,-1.578,0.053,0.559,0.244,-0.255,0.624,2.088,-0.583,-0.827,0.331,1.212,-0.736,-1.065,-0.317,-1.285,0.734,1.105,-3.102,2.229,-0.202,0.000,-0.000
55.509,-25.592,-89.997,-25.582,-138.069,-159.661,a_6,-0.250,-0.522,1.455,1.639,0.000,-1.112,-0.638,-1.613,1.276,-0.870,1.103,0.202,-2.827,1.153,-1.308,0.674,-2.608,1.067,0.762,0.905,1.008,-0.618,0.054,0.000,-0.000
-68.805,-48.635,-59.256,107.892,-168.539,-179.909,a_6,-0.249,-0.292,-1.574,-1.773,0.000,0.288,0.127,-0.776,0.794,3.027,-0.602,-0.716,0.782,1.120,-0.358,-1.243,0.430,-2.427,0.804,1.407,-3.122,1.610,-0.325,0.000,-0.000
69.409,-28.538,-89.997,-38.543,-134.717,179.907,a_6,-0.248,-0.429,1.558,1.755,-0.000,-0.906,-0.576,-1.072,0.968,-1.696,1.120,0.038,-3.060,1.067,-1.121,0.888,-2.770,1.376,0.754,1.380,1.767,-0.651,0.060,0.000,-0.000
51.399,-24.651,-90.000,-16.824,-136.734,-148.281,a_6,-0.248,-0.551,1.422,1.602,0.000,-1.104,-0.602,-1.905,1.432,-0.495,1.041,0.280,-2.746,1.177,-1.330,0.608,-2.564,0.975,0.760,0.777,0.785,-0.589,0.051,0.000,-0.000
65.953,-26.726,-89.994,-31.047,-135.260,-173.393,a_6,-0.247,-0.415,1.530,1.723,-0.006,-0.950,-0.583,-1.322,1.118,-1.406,1.115,0.182,-3.010,1.103,-1.088,0.834,-2.811,1.257,0.744,1.290,1.610,-0.687,0.058,-0.000,-0.000
-59.599,-44.706,-61.152,105.873,-179.208,161.718,a_6,-0.246,-0.601,-1.487,-1.675,0.091,0.459,0.145,-0.813,0.897,2.839,-0.592,-0.812,0.440,1.190,-0.891,-1.125,0.176,-1.942,0.814,1.138,-3.006,1.783,-0.264,-0.000,-0.000
46.511,-23.786,-89.999,-10.184,-135.548,-146.287,a_6,-0.245,-0.499,1.380,1.554,-0.002,-1.057,-0.570,-2.107,1.550,-0.161,0.981,0.314,-2.608,1.202,-1.368,0.530,-2.503,0.891,0.758,0.640,0.493,-0.551,0.045,0.000,-0.000
40.847,-4.139,-89.998,-68.139,-143.600,-179.124,a_6,-0.245,-0.452,1.221,1.375,-0.192,-1.333,-0.861,-0.280,0.665,-1.004,1.404,0.461,-1.938,1.457,-0.823,0.395,-2.519,0.483,0.464,0.908,0.421,-1.229,0.058,0.000,-0.000
58.093,-25.330,-88.785,-7.743,-129.489,-143.802,a_6,-0.244,-0.492,1.484,1.671,0.000,-0.876,-0.457,-2.070,1.522,-0.603,0.938,0.423,-2.902,1.163,-1.149,0.715,-2.841,1.083,0.753,0.995,1.142,-0.632,0.048,0.000,-0.000
20.307,-6.558,-89.997,-56.762,-155.183,-179.174,a_6,-0.243,-0.390,1.125,1.267,-0.151,-1.634,-1.029,-0.807,0.926,-0.143,1.410,0.512,-1.619,1.467,-1.161,0.090,-2.153,0.436,0.513,0.120,-0.600,-0.256,0.011,0.000,-0.000
-64.635,-55.910,-35.934,129.999,179.845,-156.345,a_6,-0.243,-0.579,-1.506,-1.697,0.130,0.040,0.087,0.296,0.266,1.983,-0.567,-0.711,0.691,1.271,-1.820,-1.185,-0.220,-3.011,0.850,1.355,-2.708,1.886,-0.291,0.000,-0.000
56.849,-23.964,-90.000,-1.302,-125.277,-131.483,a_6,-0.241,-0.562,1.472,1.658,-0.000,-0.826,-0.401,-2.250,1.603,-0.452,0.866,0.521,-2.883,1.168,-1.079,0.695,-2.870,0.991,0.739,0.954,1.150,-0.626,0.048,-0.000,-0.000
49.812,-21.784,-90.000,-2.760,-128.003,-128.333,a_6,-0.240,-0.588,1.403,1.580,-0.013,-0.929,-0.456,-2.289,1.631,-0.137,0.895,0.529,-2.711,1.217,-1.177,0.580,-2.682,0.872,0.724,0.780,0.763,-0.645,0.048,0.000,-0.000
65.476,-27.306,-85.735,-129.998,9.176,59.010,a_6,-0.239,-0.285,1.609,1.812,0.032,1.601,0.734,0.290,-0.104,-1.125,0.441,0.961,-1.763,1.187,0.011,0.826,-5.026,1.393,0.754,1.361,0.689,-0.655,-0.085,0.000,-0.000
-60.086,-47.538,-60.638,108.271,-179.868,-179.909,a_6,-0.238,-0.486,-1.447,-1.630,0.136,0.307,0.138,-0.758,0.873,2.798,-0.622,-0.956,0.491,1.156,-1.052,-1.141,0.118,-2.059,0.845,1.070,-3.182,1.533,-0.265,-0.000,-0.000
79.418,-40.909,-89.999,128.318,-0.003,-171.814,a_6,-0.237,-0.285,1.753,1.975,0.072,-0.345,-0.215,-1.025,0.992,-3.000,-0.628,-1.034,0.172,0.933,0.212,1.012,-4.670,2.878,0.837,2.012,0.143,-0.651,-0.217,0.000,-0.000
57.898,-27.585,-76.918,-155.554,70.001,57.944,a_6,-0.235,-0.335,1.476,1.663,-0.030,1.412,0.637,0.175,-0.008,-2.466,0.155,0.749,-2.984,1.274,-1.287,0.706,-3.075,1.379,0.773,1.127,0.701,-0.780,0.028,0.000,-0.000
56.692,-34.515,-89.175,130.000,6.293,-168.753,a_6,-0.233,-0.445,1.610,1.814,0.014,-0.768,-0.461,-1.072,1.028,-2.139,-0.657,-1.271,0.149,1.100,-1.059,0.679,-4.778,2.137,0.846,1.231,-0.927,-0.830,-0.099,-0.000,-0.000
15.983,-24.284,-89.871,-61.102,-157.789,-178.400,a_6,-0.232,-0.733,1.092,1.230,-0.006,-1.706,-1.043,-0.737,0.775,-0.373,1.240,-0.195,-1.680,1.254,-1.747,0.024,-1.636,0.523,0.792,0.016,-1.311,-0.032,0.003,0.000,-0.000
59.996,-22.291,-89.402,18.746,-96.303,-118.190,a_6,-0.232,-0.474,1.533,1.726,0.000,-0.305,-0.071,-2.584,1.767,-0.831,0.563,1.034,-2.762,1.193,-0.580,0.746,-3.641,0.938,0.712,1.085,1.276,-0.639,0.017,0.000,-0.000
61.004,-27.913,-84.259,-158.724,70.000,62.659,a_6,-0.231,-0.594,1.440,1.622,0.145,1.572,0.632,-0.006,0.052,-2.579,-0.013,0.241,-2.960,1.176,-1.314,0.757,-2.753,1.345,0.771,1.163,1.092,-0.724,0.048,0.000,-0.000
-11.266,35.000,102.606,-74.460,168.716,-90.753,a_6,-0.231,0.426,1.480,1.667,-0.010,0.879,0.753,-0.171,0.419,0.063,0.385,0.786,-0.486,0.499,-1.273,0.274,-1.959,1.296,0.187,-0.406,4.787,2.049,0.277,0.000,-0.000
93.873,-43.450,-90.000,128.445,-7.953,-154.218,a_6,-0.230,-0.263,1.872,2.109,0.000,-0.232,-0.105,-0.942,0.875,-3.431,-0.602,-0.666,0.393,0.848,1.568,1.183,-4.764,3.245,0.787,2.633,0.823,-0.477,-0.347,0.000,-0.000
38.040,28.039,106.784,-130.000,0.575,128.935,a_6,-0.230,0.824,-1.525,-1.718,-0.505,0.507,0.032,0.353,0.398,-0.156,1.280,2.899,-1.502,0.511,0.516,-0.207,0.000,-1.371,0.075,1.189,-4.040,-2.442,0.156,0.000,-0.000
42.965,-15.670,-89.982,2.251,-117.823,-117.027,a_6,-0.229,-0.607,1.325,1.493,-0.008,-0.850,-0.371,-2.444,1.734,0.192,0.832,0.896,-2.507,1.310,-1.003,0.464,-2.736,0.655,0.647,0.665,0.488,-0.708,0.042,0.000,-0.000
44.550,34.993,99.392,159.633,-104.476,12.610,a_6,-0.229,-0.027,-1.624,-1.830,-0.243,-2.736,-1.733,-0.590,0.502,-0.315,1.007,2.639,2.700,0.280,-1.648,0.077,2.871,-1.604,0.148,0.851,-1.602,-1.779,0.438,0.000,-0.000
-62.811,-57.463,-22.118,130.000,179.908,-161.772,a_6,-0.229,-0.652,-1.477,-1.664,0.063,0.052,0.057,0.570,0.133,1.646,-0.466,-0.482,0.552,1.366,-2.472,-1.144,-0.374,-3.275,0.833,1.450,-2.294,2.349,-0.278,0.000,-0.000
52.255,-24.793,-89.995,129.975,4.719,-178.919,a_6,-0.228,-0.218,1.550,1.745,-0.128,-0.832,-0.552,-0.921,0.973,-1.827,-0.575,-0.990,0.222,1.234,-0.786,0.589,-5.013,1.670,0.719,1.356,-0.839,-1.214,-0.072,0.000,-0.000
42.305,14.906,115.567,-130.000,11.072,128.906,a_6,-0.228,0.833,-1.462,-1.647,-0.596,0.402,-0.039,-0.020,0.668,-0.191,1.241,2.324,-1.823,0.528,-1.086,-0.144,0.018,-0.238,0.071,1.661,-3.492,-3.016,0.203,-0.000,-0.000
56.768,-28.712,-89.999,121.456,4.106,-173.028,a_6,-0.226,-0.206,1.581,1.781,-0.083,-0.708,-0.454,-1.220,1.133,-2.293,-0.563,-1.025,0.217,1.170,-0.699,0.665,-4.965,1.919,0.763,1.461,-0.743,-1.125,-0.093,-0.000,-0.000
-0.571,35.000,76.939,-25.996,117.186,-96.510,a_6,-0.225,0.402,1.180,1.329,0.060,0.243,0.445,0.389,0.158,-0.998,0.055,0.221,-1.797,0.870,0.015,0.186,-2.664,0.700,0.123,-0.323,3.161,1.308,0.122,-0.000,-0.000
-5.816,34.995,126.442,129.969,-169.552,-111.418,a_6,-0.225,-0.018,1.095,1.233,-0.367,-0.667,-0.334,-2.089,1.698,2.004,0.947,0.379,-1.313,-0.036,-0.223,-0.273,-1.869,0.814,-0.164,-0.289,-0.471,1.621,0.027,0.000,-0.000
20.774,-0.000,-64.901,-100.062,-153.502,156.697,a_6,-0.225,-0.100,1.095,1.234,-0.361,-1.288,-0.934,0.354,0.361,-0.701,1.530,0.879,-1.258,1.757,-1.435,0.083,-2.760,0.531,0.378,0.201,-0.578,-0.463,0.011,-0.000,-0.000
-34.980,-34.384,-53.999,-130.000,179.881,-69.019,a_6,-0.225,-0.716,-1.253,-1.412,-0.012,-2.057,-1.095,0.171,0.012,0.641,0.829,1.570,0.259,1.390,-1.517,-0.796,-0.723,-0.608,0.832,0.316,-3.264,1.224,-0.127,0.000,-0.000
79.021,-42.225,-87.623,130.000,5.780,-146.899,a_6,-0.225,-0.633,1.709,1.925,0.143,-0.499,-0.190,-0.927,0.942,-3.006,-0.646,-1.119,0.282,0.951,0.153,1.002,-4.821,3.049,0.849,2.021,-0.079,-0.667,-0.231,-0.000,-0.000
-74.829,-49.056,-35.570,15.017,-128.118,118.754,a_6,-0.223,-0.395,-1.646,-1.854,0.000,-0.389,-0.422,-1.899,1.366,3.245,0.210,1.577,2.091,1.228,0.021,-1.314,0.087,-2.594,0.770,1.635,-3.272,1.636,-0.346,0.000,-0.000
-48.412,-40.541,-44.283,-129.997,179.803,-51.692,a_6,-0.223,-0.649,-1.384,-1.559,0.085,-2.338,-1.240,0.059,-0.010,1.395,0.852,1.743,0.941,1.347,-1.290,-0.992,-0.537,-1.224,0.845,0.664,-3.453,1.377,-0.184,0.000,-0.000
32.848,35.000,69.301,152.632,-103.489,-19.412,a_6,-0.223,0.385,-1.614,-1.819,-0.262,-2.495,-1.489,1.333,-0.609,-0.095,1.267,3.218,3.142,0.795,0.157,-0.075,1.027,-1.693,0.084,0.654,-2.815,-1.666,0.221,-0.000,-0.000
63.641,-21.900,-89.999,27.655,-75.255,-119.922,a_6,-0.223,-0.353,1.579,1.778,-0.000,-0.003,0.104,-2.592,1.778,-1.557,0.430,1.256,-2.454,1.190,-0.106,0.802,-4.350,0.962,0.696,1.249,1.350,-0.656,-0.022,-0.000,-0.000
-78.798,-51.084,-30.620,8.016,-118.438,116.252,a_6,-0.222,-0.428,-1.671,-1.882,0.000,-0.359,-0.408,-1.835,1.321,3.058,0.277,1.714,2.332,1.212,0.074,-1.359,-0.161,-2.856,0.757,1.789,-3.308,1.643,-0.359,-0.000,-0.000
77.361,-40.239,-79.570,130.000,3.421,179.864,a_6,-0.222,-0.257,1.716,1.933,0.040,-0.357,-0.265,-0.674,0.851,-2.662,-0.607,-0.927,-0.052,1.094,0.013,0.963,-5.112,3.185,0.812,2.354,-0.249,-1.043,-0.206,0.000,-0.000
84.427,-45.864,-79.697,130.000,5.131,176.445,a_6,-0.221,-0.296,1.728,1.946,0.160,-0.162,-0.158,-0.643,0.834,-2.951,-0.648,-1.035,-0.108,0.989,0.216,1.072,-4.901,3.528,0.851,2.279,0.034,-0.643,-0.262,0.000,-0.000
-10.058,-1.341,-90.000,93.076,167.911,147.027,a_6,-0.220,-0.245,-1.033,-1.164,-0.273,1.236,0.545,-1.396,1.306,1.587,-0.328,-0.470,-0.784,1.540,-1.113,-0.358,-1.667,0.485,0.400,-0.166,-1.360,1.584,-0.043,-0.000,-0.000
-89.084,-58.423,-36.273,130.000,179.855,-151.662,a_6,-0.219,-0.502,-1.599,-1.801,0.245,-0.343,-0.081,0.651,0.122,2.705,-0.520,-0.316,1.600,1.130,0.366,-1.432,0.112,-4.091,0.699,2.510,-2.559,2.045,-0.452,0.000,-0.000
63.337,-26.110,-90.000,121.980,1.071,-147.211,a_6,-0.219,-0.365,1.616,1.820,-0.149,-0.740,-0.410,-1.142,1.079,-2.492,-0.509,-0.766,0.395,1.191,-0.013,0.745,-5.204,1.988,0.699,2.014,-0.433,-1.451,-0.118,0.000,-0.000
-21.424,-23.841,-90.000,121.911,168.268,175.695,a_6,-0.219,-0.529,-1.095,-1.233,0.026,0.987,0.506,-1.015,1.058,1.445,-0.622,-1.232,-0.589,1.243,-1.616,-0.576,-1.050,-0.049,0.728,0.048,-2.690,1.278,-0.074,0.000,-0.000
-85.392,-51.826,-29.197,-8.596,-90.511,128.492,a_6,-0.218,-0.388,-1.689,-1.902,0.000,-0.180,-0.283,-1.597,1.212,2.479,0.513,1.657,2.709,1.160,0.151,-1.441,-0.947,-2.971,0.714,2.012,-3.759,1.625,-0.335,0.000,-0.000
41.178,-33.639,-89.999,123.909,9.928,-162.620,a_6,-0.218,-0.501,1.508,1.698,-0.007,-1.019,-0.592,-1.403,1.177,-1.809,-0.675,-1.475,0.239,1.129,-1.778,0.439,-4.641,1.673,0.881,0.610,-1.696,-0.552,-0.052,-0.000,-0.000
-57.513,-38.464,-48.874,-129.997,175.761,-60.796,a_6,-0.218,-0.719,-1.438,-1.620,0.105,-2.446,-1.270,0.223,-0.081,1.728,0.798,1.799,1.463,1.300,-0.540,-1.114,-0.366,-1.335,0.783,0.963,-3.725,1.539,-0.216,0.000,-0.000
80.197,-47.454,-69.509,129.997,1.354,179.351,a_6,-0.217,-0.281,1.779,2.004,0.041,-0.326,-0.243,-0.557,0.734,-2.646,-0.657,-0.984,-0.343,1.116,-0.295,1.007,-5.390,3.843,0.871,2.259,-0.514,-0.811,-0.250,-0.000,-0.000
7.816,-0.000,-64.429,-115.572,-157.629,135.748,a_6,-0.216,-0.029,1.033,1.164,-0.380,-1.063,-0.851,0.700,0.121,-0.689,1.407,0.585,-0.971,1.772,-1.656,-0.090,-2.807,0.566,0.373,-0.155,-0.749,0.531,-0.010,0.000,-0.000
48.186,-26.215,-88.635,115.275,9.776,-160.462,a_6,-0.216,-0.348,1.528,1.721,-0.069,-0.858,-0.499,-1.330,1.216,-2.142,-0.540,-1.052,0.226,1.241,-1.082,0.532,-5.104,1.647,0.750,1.106,-1.130,-1.045,-0.068,0.000,-0.000
62.821,-22.079,-90.000,32.696,-55.768,-110.279,a_6,-0.216,-0.378,1.615,1.819,-0.000,0.193,0.231,-2.661,1.791,-2.186,0.346,1.339,-2.022,1.201,0.130,0.788,-4.883,0.986,0.699,1.244,1.066,-0.650,-0.056,0.000,-0.000
-0.548,34.999,91.454,121.857,-81.800,-4.047,a_6,-0.216,-0.134,1.858,2.093,-0.061,3.058,1.755,-0.969,0.603,0.170,0.759,1.652,-6.460,0.037,-1.734,-0.099,-2.195,0.821,0.021,-0.330,1.097,0.658,0.226,0.000,-0.000
59.477,-20.577,-83.041,129.999,2.035,174.665,a_6,-0.214,-0.031,1.557,1.754,-0.233,-0.737,-0.532,-0.570,0.827,-1.800,-0.475,-0.569,0.177,1.361,-0.125,0.658,-5.454,1.784,0.621,2.141,-0.627,-1.848,-0.083,0.000,-0.000
57.748,20.743,114.268,-129.999,0.357,137.000,a_6,-0.212,0.259,-1.644,-1.852,-0.191,0.198,-0.196,0.122,0.562,0.619,1.199,2.213,-1.578,0.570,-1.788,-0.296,0.357,-0.937,0.178,2.151,-5.087,-3.284,0.479,0.000,-0.000
-0.156,25.466,106.836,145.611,-70.946,-30.000,a_6,-0.211,-0.421,1.306,1.471,-0.271,1.339,0.785,-2.411,1.609,0.298,0.953,2.842,-3.452,-0.184,-0.899,-0.199,-0.900,0.411,0.021,-0.289,-0.674,0.946,0.087,-0.000,-0.000
79.113,-34.598,-89.940,74.608,-7.494,-121.122,a_6,-0.211,-0.253,1.801,2.029,0.000,0.272,0.264,-2.186,1.541,-4.023,-0.131,0.132,-0.121,1.021,1.057,1.004,-5.572,2.223,0.777,1.987,0.509,-0.630,-0.239,0.000,-0.000
60.173,35.000,74.133,152.945,-84.041,-26.389,a_6,-0.211,-0.014,-1.741,-1.961,-0.013,-2.766,-1.580,0.970,-0.544,0.448,0.714,0.844,3.157,0.834,-2.891,-0.208,1.489,-1.895,0.339,1.140,-4.485,-2.119,0.680,0.000,-0.000
59.701,-19.975,-89.999,-98.927,1.201,19.641,a_6,-0.211,-0.182,1.537,1.731,-0.005,2.129,1.151,-0.273,0.168,-1.288,0.946,1.654,-1.687,1.240,0.373,0.736,-5.455,0.868,0.675,1.176,0.784,-0.666,-0.079,0.000,-0.000
39.400,34.449,91.659,-130.000,-0.011,149.922,a_6,-0.210,0.849,-1.568,-1.766,-0.439,0.680,0.198,0.752,0.154,0.337,1.412,3.229,-1.157,0.685,1.198,-0.257,-0.724,-2.012,0.112,1.145,-4.707,-2.369,0.171,0.000,-0.000
17.893,18.439,-37.284,129.999,145.630,47.296,a_6,-0.209,0.445,0.894,1.007,-0.654,1.422,0.552,1.311,-0.300,-1.318,0.185,0.379,0.409,1.964,-0.552,0.020,-2.346,0.112,0.074,0.146,-0.280,-0.406,0.010,0.000,-0.000
44.543,-9.342,-76.901,168.644,109.886,30.000,a_6,-0.208,-0.233,1.076,1.213,-0.068,1.508,0.622,-0.141,0.161,-2.157,-0.092,-0.664,-1.501,1.530,-1.480,0.415,-2.016,0.988,0.502,1.309,-0.028,-1.738,0.078,0.000,-0.000
59.306,-19.119,-89.997,-91.623,0.184,17.650,a_6,-0.208,-0.252,1.578,1.777,0.002,2.277,1.243,-0.464,0.274,-1.450,1.036,1.849,-1.723,1.249,0.467,0.731,-5.594,0.800,0.664,1.149,0.817,-0.644,-0.083,0.000,-0.000
37.323,34.998,103.292,-179.909,-103.517,40.613,a_6,-0.208,0.250,-1.415,-1.594,-0.496,-1.776,-1.282,-1.072,0.985,-0.422,1.177,3.989,1.019,0.182,0.153,0.092,2.642,-1.755,0.015,1.037,-1.385,-2.087,0.242,0.000,-0.000
-93.372,-55.538,-29.413,-64.724,-56.849,-179.909,a_6,-0.208,-0.306,-1.700,-1.915,0.000,0.213,0.082,-0.350,0.543,2.889,0.999,0.841,2.801,1.076,-0.087,-1.534,-1.864,-3.362,0.663,2.280,-4.187,1.571,-0.295,0.000,-0.000
18.578,12.602,-39.999,107.504,155.359,11.654,a_6,-0.208,0.489,0.938,1.056,-0.653,1.701,0.813,0.415,0.173,-0.539,-0.051,-0.712,0.402,1.964,-1.140,0.027,-2.772,0.349,0.138,0.179,-0.407,-0.481,0.010,-0.000,-0.000
54.690,34.998,104.423,-178.579,-107.938,19.432,a_6,-0.208,0.031,-1.599,-1.801,-0.314,-2.561,-1.659,-0.762,0.654,-0.167,1.101,3.226,1.473,0.344,-1.633,0.048,3.102,-2.045,0.215,1.578,-2.398,-2.531,0.561,-0.000,-0.000
23.247,24.658,-12.794,-179.909,-107.894,-71.523,a_6,-0.207,0.623,-1.122,-1.264,-0.701,-0.927,-0.543,2.178,-0.720,-1.353,1.308,2.171,0.680,1.884,0.208,0.026,-2.284,-0.465,0.013,0.442,-0.793,-1.100,0.034,-0.000,-0.000
20.734,25.206,-39.913,-165.294,-109.262,-73.009,a_6,-0.207,0.477,-1.032,-1.163,-0.658,-0.814,-0.467,1.854,-0.553,-1.511,1.261,1.748,0.111,1.952,0.208,0.038,-2.452,-0.340,-0.000,0.287,-0.352,-0.737,0.020,0.000,-0.000
55.058,-12.012,-82.402,174.725,109.999,29.202,a_6,-0.207,-0.261,1.188,1.338,-0.079,1.714,0.767,-0.235,0.218,-2.561,-0.112,-0.814,-1.843,1.398,-1.310,0.569,-1.740,1.157,0.530,1.872,0.527,-1.988,0.116,0.000,-0.000
2.789,34.999,71.568,-32.437,78.974,-95.881,a_6,-0.207,0.516,1.213,1.367,-0.288,-0.125,0.051,0.324,0.243,-1.847,0.206,0.924,-2.559,0.935,0.297,0.127,-3.320,0.574,0.086,-0.315,2.584,1.174,0.093,-0.000,-0.000
21.803,24.084,-24.160,-173.990,-107.867,-73.583,a_6,-0.206,0.556,-1.073,-1.209,-0.687,-0.843,-0.489,2.047,-0.646,-1.428,1.287,1.952,0.393,1.929,0.124,0.033,-2.426,-0.348,0.015,0.354,-0.563,-0.900,0.025,0.000,-0.000
-70.078,-72.761,-2.725,129.999,179.625,-141.600,a_6,-0.206,-0.653,-1.553,-1.750,0.186,-0.421,-0.108,0.727,-0.031,1.808,-0.451,-0.440,0.747,1.274,-3.131,-1.255,-0.183,-4.662,0.878,1.464,-2.617,1.621,-0.341,0.000,-0.000
30.466,-0.001,-82.653,86.992,144.973,-36.556,a_6,-0.206,0.009,1.135,1.279,-0.453,1.227,0.705,-1.772,1.361,-0.075,-0.015,-2.108,0.052,1.621,-1.373,0.193,-3.030,0.613,0.356,0.709,-0.707,-1.316,0.027,0.000,-0.000
-95.162,-56.017,-33.672,-83.225,-58.526,-166.322,a_6,-0.206,-0.351,-1.713,-1.929,0.000,0.128,0.073,0.172,0.231,3.172,0.976,0.396,2.759,1.040,-0.091,-1.553,-1.925,-3.416,0.649,2.341,-4.280,1.554,-0.287,0.000,-0.000
60.403,-18.600,-89.999,-86.689,0.585,18.051,a_6,-0.206,-0.304,1.617,1.821,0.000,2.389,1.309,-0.580,0.344,-1.630,1.086,1.989,-1.772,1.251,0.599,0.747,-5.710,0.771,0.654,1.188,0.931,-0.645,-0.089,0.000,-0.000
-7.716,34.999,112.725,130.000,-115.393,-76.695,a_6,-0.206,-0.569,1.211,1.364,0.036,0.228,0.326,-2.805,1.816,1.960,0.587,0.914,-2.933,-0.180,-1.055,-0.350,-1.393,0.590,-0.127,-0.220,-1.570,0.836,0.092,-0.000,-0.000
55.986,-21.532,-89.994,117.951,137.421,-34.063,a_6,-0.206,-0.084,1.368,1.541,-0.287,1.782,1.055,-1.808,1.272,-1.535,-0.246,-2.734,-0.377,1.222,-1.780,0.585,-2.165,1.963,0.618,2.022,-0.234,-2.060,0.060,0.000,-0.000
11.496,13.409,112.176,-179.889,-70.001,-85.463,a_6,-0.205,0.144,1.034,1.165,-0.511,-0.176,-0.061,-1.898,1.597,0.439,1.024,3.650,-1.261,-0.065,-0.878,-0.034,-0.222,0.369,0.163,-0.096,-0.273,0.300,-0.004,0.000,-0.000
-38.644,-33.679,-46.868,-100.027,-179.909,-17.633,a_6,-0.205,-0.553,-1.321,-1.488,-0.009,-2.541,-1.487,-0.796,0.476,1.809,1.200,2.367,0.538,1.415,-1.273,-0.846,-0.539,-0.705,0.807,0.427,-3.177,1.403,-0.149,0.000,-0.000
19.462,-4.281,-89.997,106.924,154.075,-23.617,a_6,-0.205,-0.116,1.090,1.227,-0.369,1.392,0.784,-1.661,1.223,0.197,-0.246,-2.515,-0.364,1.514,-1.871,0.066,-2.430,0.690,0.432,0.155,-0.720,-0.371,0.009,0.000,-0.000
-44.347,-38.603,-38.382,-103.553,-179.908,-16.308,a_6,-0.204,-0.562,-1.369,-1.542,0.025,-2.614,-1.527,-0.774,0.441,2.069,1.189,2.397,0.809,1.400,-1.395,-0.926,-0.458,-1.085,0.835,0.592,-3.122,1.503,-0.178,-0.000,-0.000
64.860,-23.683,-82.573,-92.937,1.999,19.554,a_6,-0.204,-0.255,1.646,1.855,0.000,2.419,1.323,-0.438,0.262,-1.732,1.045,1.967,-2.027,1.260,0.533,0.813,-5.798,1.141,0.708,1.361,0.764,-0.656,-0.113,0.000,-0.000
-25.507,35.000,101.436,-66.056,158.298,-81.505,a_6,-0.204,-0.461,1.583,1.783,0.390,0.594,0.744,-0.931,0.665,-0.568,0.234,-0.357,-2.032,0.507,-4.053,0.251,-1.595,1.491,0.328,-0.458,4.852,1.845,0.607,-0.000,-0.000
88.393,-56.938,-54.652,129.999,0.070,178.963,a_6,-0.203,-0.302,1.850,2.084,0.060,-0.191,-0.159,-0.237,0.518,-2.690,-0.688,-0.909,-0.705,1.139,-0.268,1.106,-5.777,4.961,0.902,2.435,-0.618,-0.563,-0.352,0.000,-0.000
105.475,-52.316,-72.974,129.999,0.155,179.680,a_6,-0.203,-0.089,1.858,2.093,0.117,0.058,-0.012,-0.228,0.558,-3.395,-0.639,-0.530,0.190,0.916,2.377,1.272,-5.148,4.408,0.774,3.278,0.738,-0.338,-0.520,0.000,-0.000
42.121,-17.061,-89.996,116.530,142.327,-18.451,a_6,-0.203,-0.269,1.249,1.407,-0.271,1.678,0.955,-1.821,1.249,-0.911,-0.291,-2.814,-0.446,1.319,-2.105,0.391,-2.180,1.439,0.593,1.158,-0.537,-1.576,0.047,0.000,-0.000
90.706,-37.892,-90.000,80.083,-2.807,-128.843,a_6,-0.203,-0.175,1.827,2.058,0.072,0.396,0.361,-1.859,1.398,-4.331,-0.152,0.145,0.167,0.937,1.998,1.141,-5.505,2.638,0.752,2.517,0.951,-0.530,-0.342,0.000,-0.000
63.329,35.000,115.418,177.434,-103.971,21.646,a_6,-0.203,-0.088,-1.557,-1.754,-0.239,-2.564,-1.655,-1.009,0.753,-0.387,0.971,2.608,1.443,0.284,-2.625,0.098,3.286,-1.927,0.289,1.745,-1.874,-2.440,0.709,0.000,-0.000
91.553,-31.401,-89.999,57.391,-32.146,-117.322,a_6,-0.202,-0.170,1.849,2.082,0.000,0.534,0.423,-2.120,1.492,-3.833,0.106,1.145,-0.947,1.009,2.272,1.167,-5.755,1.925,0.688,2.497,1.878,-0.500,-0.290,0.000,-0.000
7.539,26.721,102.745,-179.841,-70.002,-78.493,a_6,-0.201,0.288,1.094,1.232,-0.577,0.199,0.146,-1.699,1.501,0.430,1.133,4.085,-1.528,-0.008,-0.085,-0.067,-0.782,0.293,-0.031,-0.222,0.234,0.770,0.003,0.000,-0.000
71.280,-34.579,-89.993,126.017,131.944,-32.172,a_6,-0.201,-0.148,1.527,1.720,-0.210,2.069,1.230,-1.860,1.249,-2.361,-0.296,-2.888,-0.714,1.002,-1.892,0.838,-1.790,3.012,0.719,2.672,0.339,-1.852,0.047,0.000,-0.000
48.782,-15.822,-89.997,-74.179,-4.968,13.998,a_6,-0.201,-0.466,1.563,1.761,0.000,2.385,1.318,-1.065,0.626,-1.497,1.208,2.147,-1.503,1.308,0.237,0.565,-5.747,0.563,0.640,0.794,0.217,-0.567,-0.065,-0.000,-0.000
44.873,-15.446,-89.994,-74.527,-7.185,4.569,a_6,-0.200,-0.395,1.510,1.701,0.012,2.269,1.277,-1.113,0.642,-1.325,1.213,2.098,-1.421,1.319,0.059,0.502,-5.621,0.525,0.642,0.670,-0.035,-0.525,-0.053,0.000,-0.000
13.149,19.303,-39.999,72.737,158.262,-23.414,a_6,-0.199,0.607,0.942,1.061,-0.694,1.511,0.798,-0.325,0.645,0.452,0.024,-0.737,0.470,1.988,-0.609,-0.007,-3.314,0.266,0.056,-0.057,0.033,0.180,-0.002,0.000,-0.000
71.283,26.979,103.044,-130.000,4.080,155.684,a_6,-0.198,0.098,-1.777,-2.001,-0.112,0.171,-0.083,0.184,0.431,1.435,1.247,1.936,-1.286,0.727,-2.633,-0.441,-0.172,-1.522,0.312,2.237,-6.489,-3.018,0.703,0.000,-0.000
70.467,-24.887,-73.138,129.997,0.272,172.786,a_6,-0.198,0.048,1.611,1.815,-0.255,-0.576,-0.451,-0.304,0.704,-1.979,-0.428,-0.310,0.076,1.399,0.445,0.783,-5.748,2.486,0.616,3.130,-0.600,-2.234,-0.125,0.000,-0.000
49.001,35.000,108.607,-168.603,-101.715,50.455,a_6,-0.198,0.351,-1.504,-1.695,-0.428,-2.039,-1.447,-0.896,0.859,-0.249,1.101,3.686,0.786,0.264,-0.518,0.049,3.075,-2.171,0.136,1.629,-2.439,-2.727,0.427,0.000,-0.000
48.800,-18.084,-89.999,108.522,129.456,-47.228,a_6,-0.197,-0.177,1.281,1.443,-0.174,1.360,0.899,-2.004,1.367,-1.316,-0.192,-2.726,-0.046,1.296,-1.753,0.481,-2.677,1.655,0.591,1.613,-0.585,-1.901,0.037,-0.000,-0.000
50.906,34.576,93.176,-129.996,-10.219,141.340,a_6,-0.197,0.251,-1.658,-1.868,-0.110,0.425,-0.051,0.733,0.202,0.858,1.336,2.938,-1.056,0.693,0.203,-0.356,-0.308,-2.305,0.205,1.557,-6.078,-2.789,0.353,0.000,-0.000
47.693,-15.933,-89.996,-73.676,-5.121,-3.685,a_6,-0.197,-0.291,1.499,1.688,0.000,2.273,1.305,-1.094,0.639,-1.472,1.211,2.084,-1.504,1.309,0.147,0.548,-5.634,0.563,0.644,0.757,0.151,-0.557,-0.059,0.000,-0.000
20.580,5.535,-39.999,-111.698,-155.137,162.631,a_6,-0.197,0.176,1.040,1.171,-0.519,-1.393,-1.000,0.594,0.314,-0.477,1.718,1.737,-1.002,1.893,-1.424,0.065,-2.945,0.493,0.266,0.240,-0.539,-0.583,0.012,-0.000,-0.000
12.404,18.281,-40.000,61.412,156.901,-31.437,a_6,-0.197,0.553,0.955,1.076,-0.690,1.333,0.716,-0.639,0.838,0.669,0.106,-0.735,0.357,1.989,-0.738,-0.011,-3.453,0.329,0.068,-0.086,0.062,0.274,-0.003,0.000,-0.000
-1.012,35.000,93.393,158.447,-71.995,-24.228,a_6,-0.196,-0.127,1.434,1.615,-0.369,1.869,1.069,-1.804,1.309,0.193,1.157,3.543,-4.182,-0.009,-0.848,-0.155,-2.214,0.880,-0.087,-0.385,0.809,1.352,0.129,-0.000,-0.000
62.775,-17.795,-89.998,-72.470,0.672,18.656,a_6,-0.196,-0.452,1.666,1.877,-0.000,2.617,1.441,-0.938,0.556,-2.118,1.185,2.234,-1.793,1.253,0.894,0.782,-5.998,0.736,0.634,1.286,1.121,-0.654,-0.108,0.000,-0.000
43.274,33.081,93.754,-129.998,-13.646,145.641,a_6,-0.196,0.584,-1.524,-1.717,-0.249,0.514,0.015,0.766,0.250,0.341,1.384,3.333,-1.261,0.674,0.859,-0.271,-0.416,-2.049,0.127,1.393,-5.064,-2.679,0.225,-0.000,-0.000
-4.554,34.998,99.958,-179.909,-92.693,-71.747,a_6,-0.196,0.328,1.266,1.426,-0.556,0.791,0.493,-1.691,1.464,1.154,1.058,3.542,-2.166,0.017,-0.344,-0.173,-2.502,1.088,-0.113,-0.419,0.975,2.091,0.085,0.000,-0.000
-48.383,-38.287,-46.198,-26.090,-179.909,54.759,a_6,-0.196,-0.531,-1.432,-1.613,0.025,-1.774,-1.255,-2.340,1.439,3.877,0.861,1.854,0.821,1.370,-0.839,-0.976,0.403,-1.226,0.814,0.739,-2.933,1.563,-0.227,0.000,-0.000
33.179,-3.244,-90.000,116.475,19.592,-179.546,a_6,-0.196,-0.139,1.291,1.455,-0.177,-1.034,-0.701,-0.635,0.998,-1.189,-0.409,-0.527,0.288,1.531,-0.682,0.265,-5.491,0.524,0.428,0.733,-0.888,-1.141,-0.021,0.000,-0.000
22.847,-0.004,-63.571,102.381,154.783,6.695,a_6,-0.195,-0.031,0.996,1.122,-0.511,1.723,0.866,-0.891,0.847,-0.115,-0.193,-1.812,-0.154,1.794,-1.906,0.091,-2.669,0.721,0.333,0.342,-0.677,-0.784,0.018,-0.000,-0.000
69.709,33.073,104.240,-129.996,14.028,-179.892,a_6,-0.195,0.354,-1.741,-1.961,-0.125,-0.035,-0.085,0.031,0.405,1.613,1.132,1.678,-1.057,0.614,-2.818,-0.461,0.291,-1.919,0.375,1.561,-6.728,-2.469,0.718,0.000,-0.000
67.530,-31.523,-81.255,175.646,109.999,29.614,a_6,-0.195,-0.536,1.375,1.549,0.082,2.114,1.019,-0.677,0.377,-3.154,-0.301,-1.608,-2.482,1.141,-2.161,0.810,-1.416,2.238,0.733,2.014,1.017,-1.441,0.111,-0.000,-0.000
-46.067,-39.594,-41.069,-66.685,-179.909,21.990,a_6,-0.195,-0.539,-1.401,-1.578,0.044,-2.457,-1.563,-1.717,0.990,3.108,1.171,2.369,0.900,1.371,-1.098,-0.953,0.040,-1.165,0.845,0.620,-3.139,1.344,-0.205,-0.000,-0.000
56.596,-16.686,-89.979,-67.168,-3.923,5.025,a_6,-0.195,-0.445,1.609,1.812,0.037,2.482,1.400,-1.230,0.694,-2.039,1.219,2.230,-1.698,1.281,0.599,0.688,-5.904,0.644,0.635,1.058,0.744,-0.627,-0.087,0.000,-0.000
-47.848,-40.333,-42.564,-44.413,-179.909,39.370,a_6,-0.194,-0.559,-1.428,-1.609,0.045,-2.147,-1.434,-2.135,1.266,3.629,1.021,2.119,0.903,1.361,-0.977,-0.975,0.319,-1.274,0.843,0.682,-3.044,1.375,-0.224,-0.000,-0.000
12.178,20.322,-39.998,51.896,154.601,-40.881,a_6,-0.194,0.577,0.958,1.079,-0.696,1.145,0.627,-0.775,0.939,0.773,0.205,-0.603,0.360,1.992,-0.529,-0.012,-3.610,0.270,0.045,-0.095,0.117,0.306,-0.003,-0.000,-0.000
-48.279,-41.018,-39.740,-56.072,-179.909,29.631,a_6,-0.194,-0.566,-1.429,-1.609,0.050,-2.335,-1.518,-1.941,1.130,3.452,1.104,2.277,0.977,1.364,-1.042,-0.982,0.226,-1.321,0.848,0.693,-3.052,1.381,-0.224,-0.000,-0.000
50.623,-28.342,-66.171,169.381,109.497,29.999,a_6,-0.194,-0.362,1.214,1.368,0.035,1.667,0.744,-0.338,0.209,-2.578,-0.196,-1.057,-2.065,1.423,-2.544,0.549,-1.965,1.981,0.735,1.338,-0.119,-1.426,0.063,-0.000,-0.000
43.597,-14.654,-89.682,-59.976,-7.017,-4.946,a_6,-0.194,-0.454,1.522,1.714,0.000,2.273,1.309,-1.559,0.912,-1.717,1.249,2.237,-1.421,1.332,0.074,0.482,-5.702,0.481,0.632,0.634,-0.092,-0.510,-0.053,0.000,-0.000
-9.869,34.996,102.477,-179.909,-100.322,-62.205,a_6,-0.194,0.210,1.332,1.500,-0.508,1.038,0.635,-1.808,1.476,1.382,0.948,3.015,-2.476,0.016,-0.837,-0.229,-3.039,1.391,-0.081,-0.414,0.945,2.505,0.146,0.000,-0.000
75.313,-40.973,-67.956,176.144,110.000,29.598,a_6,-0.193,-0.418,1.510,1.701,0.048,2.232,1.124,-0.473,0.274,-3.631,-0.269,-1.369,-2.868,1.156,-2.371,0.943,-1.570,2.973,0.798,2.178,1.052,-1.179,0.078,-0.000,-0.000
-9.198,35.000,92.499,144.106,-80.220,-2.325,a_6,-0.193,-0.362,1.648,1.857,-0.156,2.632,1.484,-1.633,1.055,0.402,0.852,2.070,-5.827,0.023,-2.327,-0.219,-2.718,1.075,0.026,-0.418,0.483,1.292,0.299,0.000,-0.000
53.261,-21.110,-89.996,13.889,-10.805,-69.909,a_6,-0.192,-0.457,1.609,1.813,0.000,1.117,0.775,-2.819,1.765,-3.340,0.635,1.406,-1.054,1.249,0.157,0.634,-5.774,0.899,0.703,0.951,0.026,-0.607,-0.088,0.000,-0.000
80.332,-34.691,-89.992,70.035,-11.733,-149.899,a_6,-0.192,0.067,1.610,1.814,-0.000,0.468,0.318,-2.123,1.563,-3.949,-0.055,0.139,-0.250,1.013,1.061,1.022,-5.461,2.228,0.774,2.029,0.653,-0.619,-0.235,0.000,-0.000
51.512,35.000,110.373,-161.516,-100.215,55.195,a_6,-0.192,0.394,-1.519,-1.711,-0.431,-1.997,-1.430,-0.876,0.860,-0.180,1.078,3.732,0.468,0.279,-0.512,0.017,3.100,-2.294,0.160,1.812,-2.881,-2.909,0.459,0.000,-0.000
50.400,-38.236,-90.000,128.251,140.663,-36.062,a_6,-0.192,-0.275,1.381,1.556,-0.091,1.809,1.112,-2.013,1.273,-1.563,-0.488,-3.429,-1.006,1.026,-3.121,0.570,-1.708,2.405,0.860,1.111,-0.456,-1.078,0.036,-0.000,-0.000
48.556,34.998,118.576,-164.238,-85.723,51.853,a_6,-0.192,0.305,-1.455,-1.639,-0.488,-1.640,-1.226,-1.111,1.028,-0.767,0.964,3.461,0.376,0.164,0.041,0.070,3.358,-2.266,0.102,1.809,-2.315,-2.931,0.380,-0.000,-0.000
64.596,35.000,55.330,89.670,120.030,-123.543,a_6,-0.191,0.432,-1.690,-1.904,-0.334,-0.148,-0.043,1.784,-0.575,1.703,-0.013,2.118,1.643,1.182,-0.999,-0.274,0.013,-2.592,0.301,2.362,-5.806,-3.271,0.624,0.000,-0.000
38.666,34.999,101.927,-159.244,-101.981,64.033,a_6,-0.191,0.609,-1.408,-1.586,-0.577,-1.436,-1.138,-0.760,0.908,-0.255,1.216,4.538,0.067,0.286,0.730,0.020,2.277,-2.052,0.030,1.289,-2.321,-2.498,0.229,0.000,-0.000
40.361,24.383,11.492,-179.909,-110.000,-46.520,a_6,-0.190,0.610,-1.296,-1.459,-0.595,-1.621,-0.954,1.843,-0.645,-0.990,1.393,2.786,1.310,1.683,0.229,0.015,-1.126,-1.183,0.078,1.607,-2.503,-2.884,0.186,-0.000,-0.000
1.030,34.996,93.476,-179.909,-71.272,-48.847,a_6,-0.190,0.236,1.281,1.443,-0.579,1.155,0.669,-1.580,1.354,0.291,1.226,4.306,-2.748,0.076,-0.122,-0.110,-2.091,0.775,-0.116,-0.388,1.077,1.524,0.067,-0.000,-0.000
60.419,32.071,47.544,-179.905,-109.997,-42.960,a_6,-0.190,0.102,-1.622,-1.827,-0.332,-2.626,-1.507,1.171,-0.425,-0.197,1.230,2.572,2.148,1.225,-0.968,-0.133,1.062,-2.247,0.247,2.364,-4.465,-3.336,0.571,-0.000,-0.000
59.438,-27.513,-66.188,129.997,141.459,-4.305,a_6,-0.190,-0.070,1.375,1.548,-0.321,2.155,1.184,-1.072,0.832,-2.023,-0.336,-2.422,-0.875,1.424,-2.397,0.618,-2.112,2.646,0.641,2.360,-0.371,-2.287,0.074,-0.000,-0.000
59.826,35.000,111.404,-153.440,-102.871,39.744,a_6,-0.190,0.179,-1.614,-1.818,-0.374,-2.188,-1.502,-0.947,0.832,0.024,1.057,3.714,0.156,0.339,-1.101,-0.043,3.133,-2.419,0.245,2.181,-3.613,-3.108,0.594,0.000,-0.000
47.975,-15.266,-90.000,-46.978,-5.462,-23.001,a_6,-0.189,-0.375,1.545,1.740,0.000,2.213,1.326,-1.857,1.100,-2.246,1.221,2.224,-1.487,1.315,0.252,0.552,-5.806,0.531,0.633,0.770,0.184,-0.559,-0.065,-0.000,-0.000
56.560,-16.534,-89.963,-50.036,-2.243,-11.603,a_6,-0.189,-0.410,1.627,1.833,0.000,2.430,1.421,-1.676,0.984,-2.527,1.224,2.278,-1.629,1.284,0.661,0.686,-6.035,0.637,0.632,1.062,0.711,-0.628,-0.094,-0.000,-0.000
57.739,-17.126,-90.000,108.053,118.467,-50.360,a_6,-0.189,-0.203,1.297,1.461,-0.133,1.267,0.887,-1.976,1.352,-1.800,-0.116,-2.500,0.326,1.280,-1.096,0.582,-2.907,1.813,0.552,2.384,-0.489,-2.394,0.036,0.000,-0.000
-25.830,35.000,76.446,85.465,-139.421,18.071,a_6,-0.189,0.278,1.884,2.123,-0.037,3.246,1.807,0.755,-0.418,-1.118,-0.183,-1.225,-5.064,0.737,-4.244,0.204,-2.413,1.520,0.327,-0.468,4.526,1.874,0.627,-0.000,-0.000
64.816,34.999,43.633,-179.908,-107.659,-38.135,a_6,-0.188,0.176,-1.670,-1.881,-0.317,-2.585,-1.501,1.230,-0.484,-0.122,1.122,2.149,2.228,1.252,-1.080,-0.175,1.118,-2.584,0.293,2.479,-4.954,-3.319,0.645,-0.000,-0.000
52.642,-17.875,-89.963,-17.131,-5.394,-45.576,a_6,-0.187,-0.407,1.601,1.803,-0.000,1.854,1.170,-2.455,1.490,-3.072,1.014,1.944,-1.319,1.282,0.372,0.625,-5.947,0.699,0.659,0.930,0.259,-0.602,-0.085,-0.000,-0.000
9.421,22.036,-4.447,32.913,156.553,-40.005,a_6,-0.187,0.816,0.914,1.029,-0.740,1.249,0.679,-0.209,0.632,0.812,0.223,-0.006,0.572,1.919,-0.483,-0.001,-3.545,0.380,0.015,-0.200,0.634,0.718,-0.005,-0.000,-0.000
-18.216,35.000,102.206,-179.905,-97.459,-52.183,a_6,-0.187,0.125,1.467,1.653,-0.403,1.604,0.969,-1.842,1.403,1.278,0.838,2.466,-3.384,0.065,-1.924,-0.305,-3.706,1.729,0.003,-0.354,0.799,2.866,0.293,-0.000,-0.000
7.771,16.096,102.605,-164.721,-70.000,-80.120,a_6,-0.187,0.363,1.065,1.200,-0.613,0.140,0.106,-1.559,1.447,0.446,1.160,4.272,-1.687,0.117,-0.993,-0.058,-0.969,0.476,0.112,-0.224,0.020,0.784,0.001,-0.000,-0.000
62.937,35.000,85.238,-122.995,-0.063,134.145,a_6,-0.187,0.047,-1.756,-1.978,-0.158,0.405,-0.020,0.448,0.236,1.298,1.318,2.476,-0.900,0.853,-0.677,-0.458,-0.910,-2.477,0.296,1.968,-7.205,-3.000,0.530,-0.000,-0.000
41.619,32.354,96.692,-155.389,-109.991,63.840,a_6,-0.186,0.658,-1.417,-1.596,-0.554,-1.630,-1.251,-0.611,0.807,0.047,1.301,4.686,0.041,0.416,0.358,-0.000,1.941,-1.921,0.075,1.468,-2.675,-2.714,0.270,0.000,-0.000
22.080,-6.381,123.164,-172.619,-70.000,-90.905,a_6,-0.186,-0.058,0.994,1.120,-0.434,-0.604,-0.299,-2.063,1.660,0.241,0.883,3.119,-1.190,-0.078,-2.382,0.091,0.345,0.908,0.428,0.266,-0.417,-0.628,0.025,0.000,-0.000
48.560,-11.759,-64.373,160.332,103.573,30.000,a_6,-0.186,-0.238,1.042,1.174,-0.036,1.530,0.603,-0.144,0.147,-2.125,-0.067,-0.486,-1.377,1.617,-1.599,0.451,-2.321,1.298,0.508,1.694,-0.284,-2.102,0.081,0.000,-0.000
1.628,-0.000,-58.992,-120.917,-161.278,113.520,a_6,-0.186,0.215,0.922,1.038,-0.396,-1.015,-0.864,0.684,0.086,-0.564,1.411,0.805,-0.904,1.799,-1.766,-0.169,-2.884,0.598,0.366,-0.242,-0.749,1.064,-0.015,-0.000,-0.000
102.635,-64.819,-63.747,129.996,127.392,-14.711,a_6,-0.186,-0.243,1.839,2.072,-0.017,2.852,1.676,-1.451,0.865,-3.936,-0.495,-2.905,-1.397,0.841,-1.780,1.327,-1.722,5.761,0.810,2.977,1.233,-0.382,-0.157,0.000,-0.000
74.917,-44.408,-52.911,179.904,87.075,29.999,a_6,-0.185,-0.294,1.437,1.619,0.126,1.926,0.926,-0.177,0.054,-3.379,-0.102,-0.328,-3.065,1.284,-2.190,0.949,-2.548,3.300,0.844,2.086,0.544,-1.055,0.004,0.000,-0.000
8.262,23.414,7.450,7.216,149.223,-60.757,a_6,-0.185,0.890,0.930,1.047,-0.737,0.822,0.467,-0.329,0.749,0.811,0.450,0.356,0.336,1.844,-0.371,0.010,-3.771,0.403,0.005,-0.239,0.878,0.889,-0.002,-0.000,-0.000
102.630,-57.666,-91.203,149.809,109.999,-28.848,a_6,-0.185,-0.378,1.707,1.923,0.164,2.458,1.539,-1.739,0.944,-4.116,-0.434,-2.852,-1.650,0.558,-1.971,1.340,-0.770,4.559,0.774,2.767,2.025,-0.326,-0.010,-0.000,-0.000
2.896,4.243,-40.000,99.990,164.022,4.736,a_6,-0.185,0.364,0.975,1.098,-0.609,1.710,0.847,-0.047,0.413,0.046,-0.130,-1.214,-0.273,1.953,-2.239,-0.100,-2.932,0.818,0.240,-0.310,0.236,1.354,-0.014,-0.000,-0.000
43.556,34.990,112.732,-148.591,-82.941,69.511,a_6,-0.185,0.613,-1.454,-1.638,-0.575,-1.252,-1.036,-0.761,0.923,-0.636,1.030,4.086,-0.447,0.224,0.850,-0.024,2.732,-2.337,0.068,1.668,-3.095,-2.951,0.275,-0.000,-0.000
11.370,18.669,-0.000,75.742,158.872,7.205,a_6,-0.185,0.787,0.869,0.979,-0.735,1.770,0.854,0.934,-0.082,-0.176,0.005,0.001,0.913,1.903,-0.836,-0.001,-3.008,0.411,0.038,-0.129,0.385,0.440,-0.006,0.000,-0.000
-21.316,30.091,108.208,160.543,-95.899,-30.000,a_6,-0.184,-0.351,1.428,1.609,-0.226,1.674,0.990,-2.260,1.492,1.454,0.671,1.679,-4.251,-0.022,-2.528,-0.427,-2.904,1.143,0.072,-0.293,-1.119,2.143,0.328,-0.000,-0.000
71.075,-24.140,-89.997,6.356,-0.271,-72.739,a_6,-0.184,-0.215,1.706,1.921,0.023,1.717,1.145,-2.437,1.544,-4.040,0.788,1.565,-1.017,1.169,1.276,0.896,-6.246,1.238,0.687,1.643,0.940,-0.663,-0.182,0.000,-0.000
63.317,-18.914,-89.996,-27.576,-0.803,-22.507,a_6,-0.183,-0.467,1.685,1.898,0.000,2.327,1.391,-2.123,1.256,-3.339,1.114,2.137,-1.450,1.245,1.028,0.786,-6.285,0.818,0.645,1.324,0.925,-0.657,-0.133,0.000,-0.000
21.979,-12.505,-89.998,-17.609,-24.359,-48.640,a_6,-0.183,-0.602,1.312,1.478,0.038,1.120,0.764,-2.767,1.664,-1.490,0.967,2.059,-0.957,1.370,-0.630,0.125,-4.724,0.297,0.624,0.112,-1.401,-0.156,-0.007,0.000,-0.000
23.915,-0.006,-80.632,109.890,20.364,-172.584,a_6,-0.183,-0.113,1.264,1.424,-0.282,-1.223,-0.794,-0.529,0.931,-0.874,-0.367,-0.306,0.016,1.664,-1.074,0.128,-5.904,0.446,0.377,0.341,-1.094,-0.672,-0.011,0.000,-0.000
70.902,-60.892,-38.169,129.999,4.411,158.438,a_6,-0.182,-0.357,1.738,1.958,0.065,-0.260,-0.276,-0.178,0.471,-1.897,-0.673,-1.117,-1.580,1.307,-2.704,0.889,-5.926,5.096,1.006,1.661,-1.643,-0.672,-0.204,-0.000,-0.000
44.101,35.000,100.445,-135.445,-95.657,72.090,a_6,-0.182,0.705,-1.501,-1.691,-0.557,-1.351,-1.094,-0.541,0.789,-0.097,1.125,4.650,-0.695,0.420,0.880,-0.089,1.885,-2.399,0.092,1.671,-3.742,-2.986,0.281,0.000,-0.000
30.957,-4.961,-89.999,-85.002,-28.597,13.528,a_6,-0.180,-0.571,1.286,1.449,0.133,1.936,1.002,-1.081,0.549,-0.469,1.292,2.117,-1.040,1.466,-0.237,0.265,-5.549,0.261,0.489,0.404,-0.555,-0.548,-0.022,0.000,-0.000
16.509,1.676,-5.503,129.999,128.641,70.939,a_6,-0.180,0.347,0.929,1.046,-0.627,0.986,0.269,1.613,-0.436,-1.704,0.426,1.444,-0.151,1.882,-2.399,0.015,-2.318,0.851,0.248,0.080,-0.309,-0.227,0.005,0.000,-0.000
69.022,34.995,41.500,-179.906,-91.876,-62.570,a_6,-0.179,-0.154,-1.625,-1.831,-0.168,-2.615,-1.390,1.362,-0.554,0.230,1.020,1.419,2.408,1.292,-1.411,-0.223,0.812,-2.579,0.332,2.607,-5.372,-3.310,0.709,0.000,-0.000
-22.061,34.494,100.062,177.501,-93.315,-30.000,a_6,-0.179,-0.120,1.502,1.692,-0.330,1.914,1.115,-1.891,1.342,1.159,0.817,2.296,-4.040,0.096,-2.546,-0.340,-3.861,1.747,0.055,-0.316,0.525,2.839,0.373,0.000,-0.000
97.221,-52.708,-73.342,165.388,110.000,-4.723,a_6,-0.179,-0.360,1.612,1.816,0.165,2.542,1.470,-1.080,0.520,-4.081,-0.429,-2.206,-2.467,0.862,-1.945,1.255,-1.303,4.234,0.764,2.963,1.837,-0.696,0.021,-0.000,-0.000
110.206,-60.871,-76.715,155.155,109.999,7.026,a_6,-0.179,-0.562,1.753,1.975,0.168,2.907,1.631,-1.352,0.681,-4.440,-0.450,-2.515,-2.263,0.662,-1.718,1.430,-0.855,4.942,0.731,3.014,2.359,-0.126,-0.034,0.000,-0.000
-22.356,34.918,89.252,143.477,-85.117,5.066,a_6,-0.179,-0.358,1.751,1.972,-0.075,2.871,1.618,-1.286,0.800,0.621,0.673,1.097,-6.607,0.182,-4.002,-0.272,-3.391,1.287,0.168,-0.440,0.314,1.541,0.531,0.000,-0.000
95.425,-57.686,-33.969,169.894,109.998,30.000,a_6,-0.179,-0.093,1.734,1.953,-0.083,2.536,1.349,0.064,0.034,-4.501,-0.144,-0.625,-3.194,1.229,-2.096,1.218,-1.961,5.159,0.783,3.218,1.150,-0.907,-0.052,-0.000,-0.000
66.535,-25.706,-50.263,177.436,89.032,29.997,a_6,-0.178,0.048,1.277,1.438,-0.149,1.613,0.735,0.259,-0.031,-2.831,0.156,0.570,-2.524,1.542,-1.430,0.741,-2.846,2.380,0.640,2.665,0.169,-2.156,0.059,0.000,-0.000
7.922,35.001,-43.931,84.528,161.441,-24.198,a_6,-0.178,0.919,0.886,0.998,-0.733,1.665,0.885,0.403,0.243,0.217,0.004,-0.238,0.765,1.985,0.993,-0.012,-3.286,0.093,-0.110,-0.243,0.836,0.915,-0.008,0.000,-0.000
110.122,-65.527,-27.863,175.484,99.046,30.000,a_6,-0.178,-0.023,1.837,2.069,-0.000,2.708,1.464,0.317,-0.169,-4.897,-0.100,-0.050,-3.577,1.112,-1.075,1.415,-2.202,5.757,0.775,3.110,1.661,-0.118,-0.212,0.000,-0.000
75.341,31.674,42.486,-172.092,-109.999,-43.060,a_6,-0.177,0.043,-1.600,-1.802,-0.309,-2.563,-1.468,1.032,-0.359,-0.219,1.174,2.139,1.672,1.343,-1.493,-0.163,0.944,-2.323,0.341,3.345,-4.904,-3.625,0.772,0.000,-0.000
96.526,-67.705,-52.719,129.998,130.609,4.468,a_6,-0.177,-0.420,1.790,2.017,-0.003,2.917,1.659,-1.348,0.790,-3.828,-0.558,-2.981,-1.689,0.961,-2.687,1.260,-1.791,5.968,0.865,2.572,0.832,-0.413,-0.124,0.000,-0.000
103.644,-54.374,-104.738,159.320,109.999,-4.786,a_6,-0.177,-0.518,1.681,1.894,0.005,2.581,1.487,-1.804,1.052,-4.084,-0.299,-2.683,-2.341,0.405,-2.830,1.331,0.097,4.027,0.700,2.866,2.764,-0.432,0.179,0.000,-0.000
37.782,35.000,88.693,-131.241,-100.670,72.748,a_6,-0.175,0.751,-1.402,-1.579,-0.580,-0.953,-0.901,-0.405,0.745,-0.085,1.267,5.241,-0.965,0.568,1.411,-0.075,0.804,-2.175,0.034,1.347,-3.201,-2.641,0.172,-0.000,-0.000
56.950,34.999,109.563,-145.817,-93.096,23.227,a_6,-0.175,-0.058,-1.518,-1.710,-0.342,-1.986,-1.370,-1.032,0.838,-0.021,1.056,4.019,-0.215,0.354,-0.509,-0.076,2.948,-2.520,0.213,2.190,-3.977,-3.236,0.524,0.000,-0.000
-101.010,-55.757,-22.923,-171.786,109.998,-42.003,a_6,-0.175,-0.304,-1.744,-1.965,0.003,-2.765,-1.553,0.678,-0.362,4.612,0.236,1.438,3.394,1.037,0.440,-1.604,-2.210,-3.484,0.602,2.594,-4.323,1.511,-0.313,-0.000,-0.000
-110.737,-66.018,-54.014,120.033,65.679,19.270,a_6,-0.175,-0.261,-1.805,-2.034,0.000,-3.000,-1.864,-0.854,0.506,4.829,-0.360,-1.923,2.038,0.717,0.441,-1.675,-1.903,-4.765,0.538,2.990,-3.971,1.361,-0.372,0.000,-0.000
55.962,35.000,87.679,-145.589,-108.792,37.362,a_6,-0.175,0.201,-1.566,-1.764,-0.288,-2.014,-1.469,-0.601,0.586,0.384,1.343,4.641,-0.053,0.659,-0.173,-0.115,1.895,-2.591,0.202,2.216,-4.377,-3.322,0.489,0.000,-0.000
-16.223,35.000,107.206,173.028,-108.553,-22.682,a_6,-0.175,-0.349,1.261,1.421,-0.346,1.456,0.823,-2.209,1.529,1.532,0.694,1.973,-3.262,-0.016,-1.693,-0.341,-3.248,1.477,-0.034,-0.345,0.073,2.440,0.242,0.000,-0.000
-11.513,34.556,95.286,-130.000,-179.869,-115.831,a_6,-0.174,0.796,1.348,1.519,-0.518,-0.012,0.046,0.067,0.594,0.520,1.277,2.704,-0.072,0.550,-0.482,0.157,-3.045,1.739,0.070,-0.452,4.678,3.290,0.186,-0.000,-0.000
-114.573,-63.383,-62.457,125.840,68.490,21.042,a_6,-0.174,-0.233,-1.811,-2.040,0.000,-2.999,-1.869,-0.822,0.490,4.955,-0.323,-1.785,2.280,0.627,0.797,-1.709,-1.832,-4.429,0.497,3.110,-4.247,1.286,-0.351,-0.000,-0.000
69.354,-12.067,-90.000,33.723,-9.151,-78.976,a_6,-0.174,-0.252,1.653,1.862,-0.162,0.826,0.596,-2.415,1.671,-3.834,0.545,1.634,-0.510,1.346,1.831,0.812,-6.423,0.952,0.505,2.574,0.879,-1.714,-0.140,0.000,-0.000
-11.228,18.069,106.608,-129.998,-179.724,-103.329,a_6,-0.174,0.846,1.235,1.391,-0.703,0.150,0.095,-0.555,0.983,1.225,1.139,2.080,-0.187,0.466,-2.169,0.012,-2.875,1.310,0.080,-0.446,3.157,3.581,0.121,0.000,-0.000
-107.463,-60.073,-15.335,-174.805,108.932,-46.503,a_6,-0.173,-0.323,-1.795,-2.022,0.000,-2.860,-1.601,0.796,-0.421,4.783,0.233,1.539,3.530,1.003,0.796,-1.649,-2.208,-4.065,0.563,2.870,-4.060,1.415,-0.371,0.000,-0.000
-98.462,-41.089,-52.113,-129.994,166.619,-75.350,a_6,-0.172,-0.813,-1.610,-1.813,0.265,-2.892,-1.405,0.820,-0.401,3.069,0.617,2.073,3.642,1.043,2.642,-1.547,0.446,-2.153,0.561,2.648,-4.224,1.628,-0.438,0.000,-0.000
-9.946,28.674,97.296,-129.999,-179.907,-123.549,a_6,-0.172,1.012,1.259,1.418,-0.650,0.012,0.002,-0.073,0.728,0.808,1.281,2.653,-0.089,0.555,-0.910,0.101,-2.945,1.494,0.047,-0.462,3.967,3.313,0.137,0.000,-0.000
80.589,-23.905,-72.104,164.548,110.000,9.163,a_6,-0.170,-0.208,1.320,1.487,-0.056,2.129,1.099,-0.636,0.403,-3.086,-0.178,-1.290,-1.672,1.280,-0.867,0.871,-1.772,2.519,0.553,4.044,0.905,-2.599,0.148,0.000,-0.000
-19.708,35.000,103.667,-158.895,-109.737,-42.967,a_6,-0.170,0.187,1.409,1.587,-0.526,1.520,0.880,-1.599,1.318,1.423,0.852,2.759,-2.217,0.151,-1.595,-0.223,-4.159,2.112,0.014,-0.326,2.094,3.678,0.289,0.000,-0.000
-25.153,34.553,105.566,-153.276,-109.999,-53.446,a_6,-0.169,0.316,1.496,1.685,-0.490,1.695,1.010,-1.530,1.278,1.374,0.788,2.439,-2.224,0.191,-2.193,-0.236,-4.487,2.346,0.074,-0.212,2.351,4.052,0.384,0.000,-0.000
100.000,44.691,-139.039,-85.652,-44.612,-31.644,a_6,-0.169,-0.275,-1.236,-1.393,-0.233,-2.226,-1.301,-0.124,0.242,-0.609,0.081,-1.743,-1.233,0.208,-2.630,0.299,1.865,-2.335,0.495,3.930,0.325,-2.443,1.143,0.000,-0.000
-36.619,35.000,69.835,19.478,75.225,-163.378,a_6,-0.169,-0.132,1.813,2.042,-0.072,-0.178,-0.109,0.028,0.475,-1.975,-0.154,-0.007,-5.758,0.783,-5.162,0.011,-3.944,2.134,0.351,-0.271,3.927,3.028,0.783,0.000,-0.000
56.373,33.383,81.920,-130.000,-115.774,22.710,a_6,-0.169,0.191,-1.553,-1.749,-0.457,-2.069,-1.412,-0.638,0.677,0.605,1.311,4.837,-0.327,0.778,0.047,-0.128,1.318,-2.505,0.192,2.402,-4.551,-3.511,0.465,-0.000,-0.000
62.717,-41.813,-40.086,129.997,139.944,19.911,a_6,-0.168,-0.227,1.424,1.604,-0.274,2.337,1.225,-0.722,0.605,-2.555,-0.355,-2.234,-1.329,1.522,-3.629,0.685,-2.185,3.930,0.733,2.438,-0.494,-2.143,0.056,-0.000,-0.000
11.459,-6.085,-0.818,130.000,117.968,79.535,a_6,-0.167,0.172,0.947,1.066,-0.523,0.852,0.154,1.497,-0.379,-1.579,0.427,1.639,-0.630,1.842,-3.217,-0.028,-2.487,1.035,0.345,-0.105,-0.253,0.339,-0.006,-0.000,-0.000
-96.398,-34.063,-72.770,-130.000,179.908,-78.497,a_6,-0.167,-0.851,-1.505,-1.695,0.413,-2.457,-1.052,0.714,-0.343,2.753,0.422,1.275,3.276,0.932,2.225,-1.560,0.466,-1.412,0.525,2.411,-5.355,1.549,-0.314,0.000,-0.000
59.083,34.998,47.446,-179.909,-75.548,-79.261,a_6,-0.167,-0.375,-1.460,-1.644,0.049,-2.620,-1.215,1.575,-0.618,0.762,1.139,1.725,2.538,1.218,-0.865,-0.223,0.461,-2.499,0.264,2.045,-5.239,-3.105,0.559,0.000,-0.000
110.066,-73.249,-28.469,150.406,109.994,19.515,a_6,-0.166,-0.341,1.805,2.033,0.178,2.980,1.613,-0.433,0.148,-4.729,-0.428,-1.603,-2.516,1.061,-1.940,1.414,-1.859,6.819,0.776,3.126,1.477,-0.129,-0.210,-0.000,-0.000
18.882,0.802,-7.883,129.995,92.668,86.974,a_6,-0.166,0.070,0.927,1.044,-0.417,0.832,0.059,1.540,-0.374,-1.185,0.410,2.273,-0.916,1.861,-2.267,0.038,-2.984,0.812,0.282,0.182,-0.590,-0.473,0.009,-0.000,-0.000
-103.828,-55.922,-30.745,179.905,92.716,-29.993,a_6,-0.166,-0.259,-1.723,-1.940,0.000,-2.843,-1.630,0.467,-0.257,5.023,0.035,0.583,3.370,0.965,0.112,-1.641,-2.706,-3.411,0.568,2.630,-4.782,1.449,-0.244,0.000,-0.000
-33.232,34.996,109.078,-154.155,-108.841,-36.377,a_6,-0.166,0.054,1.537,1.731,-0.387,1.950,1.143,-1.702,1.278,1.408,0.674,1.873,-2.645,0.200,-3.109,-0.316,-4.780,2.499,0.145,-0.017,1.840,4.125,0.527,0.000,-0.000
89.938,10.640,117.082,-130.000,-7.875,145.531,a_6,-0.166,-0.193,-1.598,-1.800,-0.039,0.272,-0.120,-0.163,0.721,1.071,1.300,1.807,-2.192,0.826,-4.485,-0.408,-0.490,-0.029,0.261,3.830,-5.352,-3.439,0.942,0.000,-0.000
81.943,-61.420,-22.464,130.000,4.330,163.353,a_6,-0.166,-0.308,1.764,1.987,-0.021,-0.038,-0.151,0.403,0.224,-1.885,-0.508,-0.465,-1.857,1.425,-1.917,0.991,-6.461,6.268,0.865,2.957,-1.285,-1.296,-0.281,0.000,-0.000
-16.085,9.784,107.994,144.430,-75.560,-29.999,a_6,-0.165,-0.350,1.346,1.516,-0.106,1.636,1.018,-1.998,1.273,0.869,1.163,2.906,-4.795,-0.023,-2.838,-0.370,-1.667,0.450,0.278,-0.331,-2.042,2.103,0.242,-0.000,-0.000
-120.032,-64.950,-46.172,147.505,70.002,-5.263,a_6,-0.165,-0.276,-1.823,-2.054,0.000,-3.187,-1.902,-0.204,0.116,5.287,-0.313,-1.165,3.012,0.695,0.708,-1.756,-2.513,-4.542,0.434,3.260,-4.538,1.165,-0.304,-0.000,-0.000
-117.532,-62.469,-20.305,176.248,92.484,-29.862,a_6,-0.165,-0.199,-1.822,-2.052,-0.001,-2.990,-1.717,0.671,-0.377,5.305,0.035,0.784,3.730,0.894,1.135,-1.727,-2.578,-4.339,0.469,3.234,-4.287,1.238,-0.362,0.000,-0.000
-24.906,35.000,85.143,166.349,-83.679,-8.557,a_6,-0.165,-0.215,1.633,1.839,-0.155,2.567,1.460,-1.390,0.912,0.660,0.977,2.316,-5.635,0.283,-3.495,-0.276,-4.333,1.814,0.143,-0.354,1.136,2.692,0.507,0.000,-0.000
-105.915,-61.066,-23.762,171.187,87.169,-30.000,a_6,-0.165,-0.279,-1.744,-1.965,0.000,-2.913,-1.671,0.435,-0.239,5.153,-0.038,0.309,3.052,0.958,-0.151,-1.657,-2.955,-3.987,0.560,2.717,-4.595,1.421,-0.256,0.000,-0.000
-97.111,-61.743,-17.938,170.345,90.938,-29.999,a_6,-0.165,-0.268,-1.676,-1.888,0.004,-2.757,-1.578,0.420,-0.232,4.883,0.008,0.452,2.505,1.041,-0.936,-1.582,-3.086,-3.916,0.636,2.366,-4.510,1.528,-0.229,0.000,-0.000
-88.546,-59.016,-19.646,173.855,95.545,-30.000,a_6,-0.165,-0.251,-1.597,-1.799,0.000,-2.585,-1.478,0.401,-0.218,4.555,0.064,0.618,2.240,1.103,-1.386,-1.500,-3.075,-3.447,0.699,2.017,-4.534,1.590,-0.198,0.000,-0.000
-21.650,21.566,108.040,-129.999,-176.114,-105.796,a_6,-0.165,0.473,1.370,1.543,-0.375,0.304,0.347,-0.634,1.015,0.806,1.030,1.758,-0.607,0.448,-2.930,0.003,-3.336,1.691,0.140,-0.285,3.940,4.486,0.313,0.000,-0.000
46.373,-26.151,-33.513,130.000,131.655,35.180,a_6,-0.164,-0.253,1.159,1.305,-0.246,1.968,0.887,-0.230,0.334,-2.022,-0.187,-1.336,-0.964,1.740,-3.497,0.403,-2.233,2.548,0.597,1.658,-0.893,-2.181,0.072,0.000,-0.000
29.319,27.023,48.882,-129.997,-140.340,34.587,a_6,-0.164,0.667,-1.219,-1.373,-0.695,-1.374,-1.065,-0.319,0.658,0.498,1.720,5.772,-0.602,1.168,0.576,0.013,-1.242,-0.962,0.013,0.829,-1.566,-1.835,0.076,-0.000,-0.000
-29.833,35.000,107.785,-157.094,-109.979,-28.228,a_6,-0.164,-0.041,1.475,1.662,-0.401,1.898,1.090,-1.744,1.299,1.422,0.699,2.026,-2.674,0.177,-2.759,-0.308,-4.642,2.395,0.110,-0.107,1.762,3.985,0.466,0.000,-0.000
-101.988,-68.672,12.197,169.570,109.998,-29.998,a_6,-0.164,-0.108,-1.698,-1.913,-0.043,-2.675,-1.538,0.732,-0.385,4.542,0.279,1.559,2.190,1.087,-0.783,-1.588,-2.708,-5.173,0.577,3.045,-3.636,2.010,-0.318,-0.000,-0.000
84.926,-70.401,-15.830,157.325,109.637,29.999,a_6,-0.164,-0.257,1.680,1.893,0.046,2.376,1.253,-0.142,0.074,-4.240,-0.250,-1.015,-3.108,1.266,-4.138,1.112,-1.945,5.985,0.935,2.056,0.295,-0.559,-0.054,0.000,-0.000
-85.594,-59.194,-12.387,171.620,99.201,-29.996,a_6,-0.163,-0.202,-1.559,-1.756,-0.026,-2.486,-1.424,0.449,-0.230,4.353,0.127,0.841,1.869,1.161,-1.696,-1.458,-3.159,-3.540,0.706,2.078,-4.256,1.900,-0.191,0.000,-0.000
-116.631,-64.657,-33.255,158.113,74.514,-16.956,a_6,-0.163,-0.267,-1.804,-2.032,0.000,-3.136,-1.838,0.148,-0.085,5.373,-0.232,-0.594,3.142,0.808,0.393,-1.736,-2.845,-4.480,0.464,3.127,-4.573,1.235,-0.285,0.000,-0.000
-109.212,-74.054,10.948,164.300,99.870,-29.996,a_6,-0.163,-0.176,-1.770,-1.994,-0.000,-2.849,-1.634,0.689,-0.388,5.002,0.125,1.096,2.339,0.988,-0.558,-1.667,-2.800,-5.668,0.544,2.921,-3.925,1.389,-0.349,-0.000,-0.000
-21.746,12.970,116.922,-129.933,-179.779,-106.222,a_6,-0.163,0.505,1.286,1.449,-0.407,0.387,0.382,-0.862,1.160,1.029,0.883,1.218,-0.644,0.358,-3.653,-0.091,-3.066,1.272,0.173,-0.254,2.775,4.510,0.281,-0.000,-0.000
-11.191,35.000,80.801,-117.128,-179.905,-133.798,a_6,-0.163,1.069,1.280,1.442,-0.590,-0.050,-0.047,0.217,0.536,0.507,1.329,2.916,-0.040,0.796,-0.174,0.174,-2.984,1.715,0.062,-0.436,4.749,3.292,0.158,0.000,-0.000
-17.749,35.000,78.320,145.444,-95.515,14.026,a_6,-0.162,-0.324,1.648,1.856,0.073,2.938,1.556,-0.723,0.378,0.290,0.971,1.954,-6.540,0.391,-3.254,-0.137,-4.111,1.579,0.148,-0.476,1.962,2.163,0.465,0.000,-0.000
-104.092,-54.942,-40.620,173.847,81.929,-29.999,a_6,-0.162,-0.362,-1.716,-1.933,0.000,-2.956,-1.696,0.226,-0.116,5.151,-0.112,-0.147,3.316,0.900,-0.222,-1.652,-2.915,-3.222,0.554,2.587,-5.148,1.440,-0.180,0.000,-0.000
105.607,-40.430,-66.705,-148.955,70.002,105.411,a_6,-0.162,-0.699,1.525,1.718,0.007,2.585,1.301,0.757,-0.226,-3.774,0.191,1.277,-3.798,1.047,1.170,1.363,-3.916,2.740,0.694,3.013,2.810,-0.266,-0.184,0.000,-0.000
100.000,-35.747,-111.913,156.861,101.287,-13.800,a_6,-0.161,-0.409,1.475,1.661,-0.113,2.114,1.222,-1.880,1.177,-3.545,-0.035,-2.115,-1.303,0.503,-1.387,1.125,-0.021,3.420,0.536,5.048,2.283,-1.961,0.248,0.000,-0.000
-17.169,35.000,82.796,-129.918,-179.847,-132.595,a_6,-0.161,0.718,1.411,1.589,-0.442,-0.155,-0.042,0.250,0.550,0.059,1.411,2.821,-0.491,0.752,-0.947,0.168,-3.329,2.169,0.102,-0.385,5.386,3.890,0.262,0.000,-0.000
-23.642,35.000,78.938,151.339,-80.264,29.214,a_6,-0.161,-0.317,1.689,1.902,-0.161,3.119,1.674,-0.656,0.506,0.346,0.867,1.543,-6.682,0.386,-3.957,-0.188,-4.216,1.642,0.194,-0.436,1.597,2.220,0.559,0.000,-0.000
70.635,44.411,-0.001,-162.057,-101.489,-39.163,a_6,-0.161,0.395,-1.586,-1.787,-0.422,-2.214,-1.306,1.525,-0.593,-0.188,1.063,1.663,1.934,1.542,0.869,-0.176,0.373,-4.061,0.282,3.355,-5.410,-3.859,0.661,0.000,-0.000
79.826,35.000,58.470,-164.890,-102.359,-48.586,a_6,-0.161,-0.503,-1.484,-1.672,0.023,-2.909,-1.524,0.373,-0.121,0.262,1.232,2.366,1.375,1.158,-2.373,-0.207,1.415,-2.455,0.417,3.000,-5.092,-3.194,0.889,0.000,-0.000
72.080,-56.908,-54.646,130.000,130.073,22.746,a_6,-0.161,-0.756,1.474,1.660,0.054,2.597,1.373,-1.538,0.882,-2.850,-0.556,-3.081,-1.738,1.169,-3.808,0.908,-1.837,4.562,0.915,1.961,-0.070,-1.064,0.001,0.000,-0.000
14.532,4.357,-1.484,130.000,78.357,91.668,a_6,-0.161,0.295,0.994,1.119,-0.549,0.506,-0.066,1.768,-0.471,-0.771,0.557,3.009,-1.284,1.819,-2.059,-0.000,-3.553,0.706,0.237,-0.001,-0.428,0.002,-0.000,-0.000,-0.000
48.361,-5.810,-38.425,145.876,104.703,30.000,a_6,-0.160,0.087,0.943,1.063,-0.234,1.385,0.510,0.385,-0.041,-1.876,0.124,0.379,-0.831,1.825,-1.500,0.358,-2.550,1.180,0.385,2.073,-0.948,-2.751,0.103,-0.000,-0.000
-33.106,35.000,69.529,48.269,179.909,10.518,a_6,-0.160,-0.140,1.668,1.879,0.204,3.137,1.704,-0.135,-0.058,-0.983,-0.384,-1.162,-3.655,0.949,-4.202,0.304,-2.256,2.077,0.350,-0.300,6.196,2.986,0.673,0.000,-0.000
92.274,-74.460,-29.111,130.000,131.983,24.636,a_6,-0.159,-0.503,1.745,1.965,0.001,2.963,1.627,-0.955,0.571,-3.955,-0.574,-2.726,-2.023,1.140,-3.844,1.207,-1.930,6.768,0.894,2.394,0.503,-0.478,-0.108,0.000,-0.000
80.880,-52.888,-15.518,154.015,109.988,30.000,a_6,-0.159,-0.046,1.538,1.732,-0.147,2.216,1.111,0.099,0.059,-3.777,-0.054,-0.401,-2.519,1.499,-3.182,0.957,-2.291,5.301,0.736,3.450,0.182,-1.954,0.020,0.000,-0.000
-96.782,-66.526,-1.048,159.310,89.389,-30.000,a_6,-0.159,-0.235,-1.660,-1.870,-0.027,-2.727,-1.564,0.444,-0.225,4.848,0.020,0.470,1.728,1.100,-1.572,-1.561,-3.411,-4.611,0.612,2.680,-4.165,1.990,-0.216,0.000,-0.000
-13.824,35.000,68.229,119.048,-172.562,83.672,a_6,-0.159,0.611,1.442,1.624,-0.245,1.766,0.603,2.600,-1.100,-2.293,0.835,1.606,-2.394,0.976,-1.235,0.185,-3.444,1.811,0.132,-0.454,4.980,3.110,0.283,0.000,-0.000
36.113,34.999,60.704,-123.019,-19.192,148.530,a_6,-0.159,0.759,-1.314,-1.481,-0.455,1.215,0.432,1.108,0.127,-0.052,1.691,4.051,-1.495,1.140,2.068,-0.172,-2.820,-2.064,0.036,1.239,-3.795,-2.487,0.085,0.000,-0.000
-23.179,34.994,94.984,-146.675,-102.090,-44.093,a_6,-0.158,0.271,1.467,1.653,-0.506,1.677,0.988,-1.403,1.198,1.080,0.967,3.309,-2.207,0.314,-1.879,-0.164,-4.507,2.416,0.065,-0.260,3.052,4.174,0.354,0.000,-0.000
-33.230,34.999,100.554,-135.765,-105.752,-45.494,a_6,-0.158,0.284,1.586,1.787,-0.454,1.983,1.170,-1.435,1.181,1.065,0.789,2.557,-2.057,0.346,-2.961,-0.175,-4.879,2.797,0.170,0.014,3.477,4.669,0.539,-0.000,-0.000
-96.289,-60.694,-40.448,150.075,70.001,-14.197,a_6,-0.158,-0.442,-1.644,-1.852,0.058,-2.976,-1.742,-0.346,0.166,4.833,-0.344,-1.372,2.207,0.938,-1.314,-1.575,-3.225,-3.757,0.622,2.398,-4.748,1.688,-0.167,0.000,-0.000
33.719,27.990,30.606,-130.000,-143.375,16.706,a_6,-0.158,0.595,-1.219,-1.374,-0.683,-1.701,-1.207,-0.065,0.478,0.265,1.825,5.634,-0.475,1.410,0.764,0.030,-1.377,-1.250,0.017,1.143,-1.830,-2.292,0.107,0.000,-0.000
-13.256,28.805,101.176,-130.000,-138.203,-88.463,a_6,-0.158,0.850,1.259,1.418,-0.687,0.710,0.435,-0.716,1.028,1.595,1.024,3.144,-0.194,0.385,-0.951,-0.001,-3.424,1.739,0.033,-0.421,3.597,3.817,0.145,0.000,-0.000
23.141,4.743,-37.669,129.998,20.783,128.122,a_6,-0.157,0.331,1.179,1.328,-0.539,-0.554,-0.600,1.237,-0.100,0.462,0.079,1.524,-1.379,1.923,-1.313,0.088,-6.232,0.472,0.264,0.394,-1.058,-0.860,-0.005,0.000,-0.000
81.220,34.995,26.581,5.111,63.650,92.807,a_6,-0.157,-0.064,-1.691,-1.905,-0.195,-0.422,-0.589,-0.978,0.951,1.982,0.337,-0.635,2.777,1.478,-1.055,-0.448,-2.080,-2.770,0.391,3.436,-7.481,-3.598,0.787,0.000,-0.000
9.308,23.512,-39.999,16.505,95.114,-95.360,a_6,-0.156,0.582,1.082,1.219,-0.653,-0.067,-0.001,-1.057,1.252,-1.022,0.660,0.108,-0.515,1.993,-0.357,-0.027,-5.972,0.303,0.014,-0.203,0.366,0.678,0.006,-0.000,-0.000
-18.439,34.999,56.617,88.093,-179.859,42.664,a_6,-0.156,0.633,1.491,1.679,-0.265,2.687,1.279,2.018,-0.952,-1.959,0.083,0.345,-2.152,1.175,-1.449,0.257,-3.204,2.029,0.168,-0.378,5.849,3.455,0.325,0.000,-0.000
-105.177,-75.594,-7.186,129.999,64.710,-7.636,a_6,-0.155,-0.229,-1.740,-1.960,-0.039,-3.062,-1.828,-0.115,0.088,5.008,-0.336,-1.227,1.264,1.013,-1.451,-1.628,-3.175,-5.859,0.534,3.079,-3.985,1.873,-0.276,0.000,-0.000
8.906,35.001,-76.352,41.352,93.411,-102.856,a_6,-0.155,0.411,1.063,1.198,-0.506,-0.214,-0.016,-1.147,1.319,-1.034,0.511,-0.233,0.168,1.931,0.604,-0.040,-5.902,0.146,-0.143,-0.208,0.710,0.689,0.008,0.000,-0.000
-41.000,34.996,60.090,2.407,81.314,-169.276,a_6,-0.155,0.152,1.743,1.963,-0.059,0.053,0.003,-0.294,0.750,-2.133,-0.059,-0.254,-5.278,0.979,-5.082,0.076,-4.056,2.492,0.372,-0.075,4.992,3.722,0.816,-0.000,-0.000
-7.683,35.000,47.547,19.552,57.409,-141.087,a_6,-0.155,0.349,1.354,1.526,-0.329,-0.541,-0.262,1.163,0.043,-1.598,-0.067,1.532,-3.959,1.205,-0.786,0.115,-4.923,1.462,0.082,-0.496,3.944,2.575,0.215,0.000,-0.000
92.033,34.787,102.194,-137.118,-109.999,36.903,a_6,-0.155,-0.330,-1.562,-1.759,0.022,-2.150,-1.540,-1.327,0.821,0.843,1.186,3.677,-0.910,0.685,-3.420,-0.291,1.855,-2.239,0.511,3.261,-5.532,-2.919,1.065,0.000,-0.000
-28.144,34.998,63.078,155.996,-79.905,20.663,a_6,-0.154,0.043,1.753,1.975,-0.215,3.026,1.618,-0.042,0.169,0.400,1.000,1.738,-6.501,0.698,-3.975,-0.121,-5.274,2.098,0.227,-0.337,2.858,3.125,0.605,-0.000,-0.000
-19.369,35.000,68.366,160.306,-81.210,12.623,a_6,-0.153,-0.056,1.634,1.841,-0.135,2.925,1.551,-0.397,0.318,0.290,1.210,2.758,-6.103,0.581,-2.920,-0.117,-4.914,1.887,0.136,-0.447,2.627,2.869,0.448,0.000,-0.000
6.982,42.838,-90.000,-30.458,-40.118,-66.884,a_6,-0.153,0.096,1.147,1.292,-0.430,0.715,0.464,-2.039,1.574,-0.521,1.208,3.648,-1.097,1.839,0.200,-0.095,-5.103,0.306,-0.309,-0.197,0.549,0.656,0.007,0.000,-0.000
-95.201,-75.929,10.339,147.692,83.276,-30.000,a_6,-0.152,-0.314,-1.665,-1.876,0.002,-2.795,-1.600,0.306,-0.163,4.933,-0.087,0.010,0.952,1.071,-2.617,-1.563,-3.475,-5.320,0.641,2.338,-4.410,1.632,-0.206,0.000,-0.000
68.383,-46.735,-83.142,129.999,98.317,-58.555,a_6,-0.152,-0.792,1.214,1.367,0.466,0.972,0.971,-2.047,1.144,-2.825,-0.528,-3.129,-0.287,0.972,-2.354,0.849,-2.815,3.628,0.890,1.879,-0.474,-1.101,-0.061,0.000,-0.000
-71.025,-37.876,-21.638,175.684,107.711,-30.000,a_6,-0.152,-0.006,-1.324,-1.492,-0.179,-2.004,-1.166,0.540,-0.186,3.423,0.350,1.445,1.245,1.393,-1.714,-1.220,-3.662,-1.934,0.632,2.103,-3.396,3.509,-0.064,0.000,-0.000
-46.585,35.000,70.154,-32.581,178.134,-74.917,a_6,-0.152,-0.084,1.689,1.902,0.110,1.361,1.096,-1.287,0.961,-0.067,0.220,-0.338,-2.626,1.022,-4.967,0.282,-2.310,2.753,0.414,0.146,7.031,4.189,0.849,0.000,-0.000
90.468,34.997,36.948,-10.473,38.074,120.301,a_6,-0.152,0.275,-1.695,-1.910,-0.224,-0.793,-0.711,-1.082,1.054,1.419,0.446,-0.468,1.955,1.437,-1.864,-0.546,-2.690,-2.597,0.460,3.563,-8.086,-3.328,0.911,0.000,-0.000
-16.701,35.000,74.201,-112.007,-170.001,-117.363,a_6,-0.152,0.747,1.338,1.507,-0.471,-0.017,0.072,0.070,0.621,0.571,1.321,2.980,-0.134,0.900,-0.577,0.178,-3.216,2.157,0.082,-0.368,5.445,3.977,0.219,-0.000,-0.000
36.448,-5.241,-64.394,136.088,109.999,15.040,a_6,-0.152,-0.395,0.796,0.897,0.058,1.379,0.559,-0.721,0.388,-1.246,-0.201,-1.321,-0.432,1.722,-1.735,0.261,-2.768,0.956,0.411,1.072,-0.779,-1.760,0.048,0.000,-0.000
-10.887,-0.000,-71.345,71.346,129.871,99.718,a_6,-0.152,-0.596,-0.796,-0.896,-0.055,1.156,0.166,-1.480,1.369,1.977,-0.068,-0.845,-0.716,1.733,-1.626,-0.324,-1.952,0.660,0.351,-0.212,-0.510,2.184,-0.039,0.000,-0.000
69.479,-11.414,-77.196,164.058,88.700,30.000,a_6,-0.151,-0.507,1.002,1.129,0.140,1.769,0.678,-0.627,0.331,-2.454,-0.129,-0.855,-1.292,1.405,-0.518,0.696,-2.092,1.440,0.472,3.388,0.497,-2.831,0.153,-0.000,-0.000
-36.352,35.000,99.295,-153.468,-96.358,-10.453,a_6,-0.149,-0.191,1.471,1.657,-0.359,2.218,1.233,-1.693,1.224,1.010,0.790,2.287,-3.333,0.298,-3.560,-0.315,-4.911,2.544,0.187,0.047,1.902,4.141,0.598,0.000,-0.000
36.388,28.630,11.478,-129.999,-144.032,-10.669,a_6,-0.149,0.395,-1.147,-1.292,-0.667,-1.911,-1.247,0.179,0.320,-0.103,1.864,5.301,-0.450,1.608,0.900,0.061,-1.505,-1.405,0.015,1.343,-1.758,-2.522,0.123,0.000,-0.000
11.045,27.742,-39.999,-166.210,-109.875,80.925,a_6,-0.149,0.666,1.032,1.163,-0.632,0.582,-0.026,2.080,-0.645,0.365,1.276,1.146,-0.566,1.992,0.165,-0.018,-5.654,0.108,-0.037,-0.142,0.370,0.452,0.003,-0.000,-0.000
100.001,-19.617,-109.298,-172.079,107.217,-22.237,a_6,-0.148,-0.038,1.306,1.471,-0.171,1.998,1.179,-1.161,0.804,-3.250,-0.084,-1.590,-2.519,0.629,-1.586,1.024,-0.254,1.867,0.453,5.134,3.005,-2.195,0.472,0.000,-0.000
-54.268,34.996,55.493,50.895,66.193,-179.909,a_6,-0.148,-0.070,1.755,1.977,-0.212,-0.354,-0.286,0.016,0.465,-1.505,-0.153,0.121,-5.507,1.014,-5.934,-0.100,-4.999,2.741,0.436,0.403,3.880,4.196,0.992,0.000,-0.000
11.769,11.612,-39.754,52.531,25.906,-145.741,a_6,-0.148,0.399,1.172,1.321,-0.599,-1.103,-0.695,-0.661,1.081,-1.322,0.046,0.817,-1.212,1.949,-1.330,-0.025,-6.803,0.423,0.169,-0.106,-0.480,0.312,0.005,-0.000,-0.000
116.796,35.000,77.579,-125.422,-4.138,-179.531,a_6,-0.148,-0.188,-1.683,-1.896,-0.083,0.267,0.100,-0.208,0.522,2.064,1.320,1.159,-1.475,1.144,-5.233,-0.658,-1.889,-1.779,0.654,3.169,-7.926,-2.134,1.302,0.000,-0.000
1.000,12.020,-39.999,-100.687,-165.131,10.880,a_6,-0.148,0.137,-0.946,-1.065,-0.461,-1.646,-1.121,-0.805,0.767,0.442,1.716,4.062,-1.074,1.824,-0.952,-0.163,-2.640,0.592,0.185,-0.271,-0.306,1.256,-0.018,-0.000,-0.000
-42.364,34.997,68.547,152.037,-92.419,7.753,a_6,-0.147,-0.101,1.719,1.937,-0.034,2.805,1.551,-0.464,0.289,0.494,0.730,0.592,-6.683,0.670,-5.667,-0.207,-5.009,2.081,0.353,-0.149,2.029,2.968,0.848,0.000,-0.000
-61.847,-65.154,13.222,130.000,146.737,-121.323,a_6,-0.147,-0.974,-1.215,-1.369,0.303,-1.378,-0.493,0.937,-0.087,1.820,-0.160,0.575,0.051,1.372,-4.329,-1.137,-1.972,-3.674,0.821,1.427,-2.889,2.604,-0.180,0.000,-0.000
16.354,6.535,-39.999,44.743,27.508,-132.039,a_6,-0.147,0.305,1.191,1.342,-0.569,-0.950,-0.569,-1.035,1.256,-1.679,0.124,0.705,-1.188,1.935,-1.541,0.017,-6.872,0.479,0.235,0.074,-0.895,-0.192,-0.003,0.000,-0.000
-21.975,34.999,56.444,-92.169,-179.420,-117.120,a_6,-0.146,0.768,1.399,1.576,-0.527,0.051,0.079,-0.094,0.698,0.415,1.280,2.558,-0.444,1.187,-0.840,0.187,-3.243,2.549,0.102,-0.238,6.089,4.608,0.272,-0.000,-0.000
-17.613,34.999,65.169,-179.762,-70.883,-5.430,a_6,-0.146,0.110,1.525,1.718,-0.281,2.594,1.433,-0.661,0.561,0.203,1.446,3.958,-5.041,0.641,-2.132,-0.124,-5.043,1.999,0.076,-0.434,2.779,3.285,0.356,0.000,-0.000
-84.597,-27.956,-38.143,179.895,94.981,-29.997,a_6,-0.145,-0.038,-1.417,-1.596,-0.211,-2.252,-1.315,0.490,-0.135,4.052,0.268,1.087,2.239,1.314,-0.448,-1.336,-3.922,-1.395,0.490,3.148,-3.766,4.108,0.010,-0.000,-0.000
6.400,35.004,-46.781,-167.476,-104.187,78.385,a_6,-0.145,0.696,1.100,1.239,-0.673,0.831,0.143,2.154,-0.689,0.552,1.224,1.146,-0.616,1.987,0.633,-0.037,-6.127,0.330,-0.121,-0.295,1.040,1.074,0.015,-0.000,-0.000
0.170,35.003,-63.610,41.896,55.236,-124.129,a_6,-0.145,0.426,1.164,1.312,-0.567,-0.703,-0.380,-0.850,1.205,-1.586,0.340,0.605,-0.655,1.945,0.161,-0.098,-6.752,0.810,-0.122,-0.404,1.220,1.774,0.044,-0.000,-0.000
-89.299,-45.752,-11.511,158.194,82.279,-29.916,a_6,-0.145,-0.077,-1.500,-1.690,-0.210,-2.446,-1.432,0.453,-0.114,4.437,0.115,0.521,1.290,1.309,-1.519,-1.390,-4.364,-3.020,0.522,3.435,-3.453,3.986,-0.036,0.000,-0.000
62.822,34.999,32.841,111.887,19.627,-56.090,a_6,-0.145,0.126,-1.603,-1.805,-0.138,-2.455,-1.269,1.898,-0.887,2.697,-0.037,0.405,2.065,1.468,0.655,-0.414,-3.422,-2.846,0.240,2.655,-7.211,-3.652,0.457,-0.000,-0.000
44.269,-14.328,-89.996,104.642,85.930,-70.072,a_6,-0.143,-0.732,1.018,1.146,0.212,-0.076,0.357,-1.970,1.356,-2.024,-0.202,-2.303,0.821,1.377,-1.226,0.414,-4.393,1.370,0.550,1.403,-1.118,-1.771,-0.019,0.000,-0.000
-48.443,35.000,70.408,163.611,-81.701,22.480,a_6,-0.143,-0.279,1.704,1.919,-0.137,2.835,1.535,-0.649,0.477,0.794,0.794,0.812,-6.478,0.656,-5.962,-0.296,-5.293,2.153,0.376,0.031,1.375,3.144,0.911,-0.000,-0.000
29.261,-5.783,101.214,-129.999,-49.458,-88.077,a_6,-0.143,0.373,0.987,1.111,-0.631,-0.270,-0.136,-1.440,1.412,-0.485,1.058,4.181,-2.594,0.480,-2.886,0.111,-0.501,1.297,0.303,0.796,-1.156,-1.623,0.038,-0.000,-0.000
67.539,-53.568,-2.238,139.655,108.655,29.999,a_6,-0.142,-0.141,1.375,1.548,-0.091,1.970,0.929,-0.029,0.104,-3.176,-0.076,-0.519,-2.158,1.603,-4.603,0.759,-2.474,5.236,0.755,2.719,-0.416,-2.135,0.044,0.000,-0.000
14.625,35.009,-79.648,-135.362,-75.399,76.834,a_6,-0.141,0.015,1.096,1.235,-0.322,1.361,0.335,1.249,-0.279,0.995,1.379,1.599,-0.339,1.914,0.659,0.001,-6.717,-0.161,-0.162,0.003,0.561,-0.008,-0.000,0.000,-0.000
104.890,35.000,56.879,-101.868,-137.093,24.793,a_6,-0.141,-0.025,-1.552,-1.748,-0.322,-2.365,-1.562,-1.066,0.844,1.301,1.389,4.118,-0.718,1.356,-1.496,-0.323,-0.255,-2.494,0.518,5.300,-5.986,-3.358,1.103,0.000,-0.000
-41.821,34.998,51.707,52.764,179.764,-13.296,a_6,-0.141,0.115,1.644,1.852,0.049,2.820,1.659,-0.289,0.137,-0.822,-0.294,-1.104,-3.865,1.200,-4.325,0.269,-2.941,2.780,0.366,0.076,6.995,4.318,0.757,0.000,-0.000
121.942,35.000,53.161,-110.398,-6.304,-179.727,a_6,-0.141,-0.084,-1.621,-1.826,-0.202,0.423,0.173,-0.060,0.503,1.963,1.445,1.471,-0.636,1.435,-3.280,-0.636,-3.095,-1.957,0.628,4.852,-7.871,-2.439,1.281,-0.000,-0.000
100.003,-39.191,-108.878,160.191,88.265,3.578,a_6,-0.140,-0.803,1.291,1.454,0.143,2.128,1.144,-2.062,1.109,-3.707,-0.122,-2.270,-1.504,0.513,-1.611,1.163,-0.093,3.589,0.570,4.670,2.357,-1.709,0.221,0.000,-0.000
97.404,35.000,27.680,32.579,82.577,92.264,a_6,-0.140,-0.614,-1.483,-1.670,0.115,-0.074,-0.520,-1.187,1.023,2.351,-0.070,-1.419,2.528,1.457,-2.912,-0.445,-1.015,-2.370,0.525,3.721,-6.941,-3.050,1.071,0.000,-0.000
86.321,-64.360,-22.052,145.832,110.000,-4.923,a_6,-0.140,-0.150,1.419,1.598,0.138,2.271,1.303,-0.546,0.223,-3.713,-0.350,-1.483,-2.312,1.340,-3.379,1.087,-2.640,6.165,0.832,2.992,0.214,-1.202,-0.074,0.000,-0.000
96.948,5.154,112.445,-179.806,-109.999,-14.499,a_6,-0.140,-0.370,-1.278,-1.439,-0.115,-2.406,-1.434,-0.625,0.441,-0.606,1.309,2.677,0.127,0.859,-5.078,0.103,1.229,0.311,0.339,4.584,-1.443,-3.126,1.071,-0.000,-0.000
-80.829,34.999,58.244,-74.998,154.544,-130.030,a_6,-0.140,-0.167,1.708,1.924,-0.168,-0.247,-0.072,-1.458,1.285,-0.606,0.965,-0.075,-3.039,1.256,-6.719,0.054,-2.847,3.234,0.608,1.738,5.797,5.081,1.307,0.000,-0.000
10.514,35.001,-57.144,-157.836,-81.949,79.165,a_6,-0.140,0.447,1.135,1.278,-0.585,1.120,0.284,1.878,-0.555,1.089,1.284,1.489,-0.644,1.977,0.692,-0.026,-6.838,0.050,-0.137,-0.160,0.718,0.500,0.008,0.000,-0.000
-53.428,35.000,85.376,-120.652,-87.882,-29.980,a_6,-0.140,0.034,1.617,1.821,-0.359,2.207,1.281,-1.602,1.190,0.648,0.904,2.758,-2.497,0.670,-4.429,-0.196,-5.259,3.291,0.345,0.839,3.953,5.399,0.857,-0.000,-0.000
17.249,-9.369,-72.678,130.000,125.256,37.894,a_6,-0.139,-0.781,0.718,0.809,0.091,1.667,0.579,-1.019,0.627,-0.514,-0.346,-2.003,-0.705,1.644,-2.438,0.036,-2.247,0.860,0.491,0.080,-0.778,-0.206,0.005,0.000,-0.000
-53.998,34.994,67.418,159.329,-88.287,9.489,a_6,-0.139,-0.140,1.685,1.898,-0.072,2.681,1.481,-0.555,0.369,0.755,0.710,0.342,-6.504,0.742,-6.492,-0.286,-5.308,2.186,0.428,0.139,1.486,3.184,1.003,-0.000,-0.000
-72.624,-52.825,-6.087,150.652,81.719,-30.000,a_6,-0.139,-0.198,-1.383,-1.558,-0.112,-2.272,-1.306,0.247,-0.053,4.065,0.021,0.129,0.237,1.349,-3.322,-1.256,-4.428,-2.982,0.682,2.050,-3.762,3.244,-0.041,0.000,-0.000
25.934,-31.342,16.020,129.997,49.657,105.052,a_6,-0.138,-0.086,1.189,1.339,-0.383,0.383,-0.075,1.183,-0.212,-0.266,0.367,2.170,-2.983,1.679,-4.970,0.146,-4.328,2.315,0.648,0.455,-1.733,-0.901,0.003,0.000,-0.000
-63.984,-59.634,-19.640,153.813,75.535,-30.000,a_6,-0.138,-0.427,-1.358,-1.530,0.039,-2.335,-1.313,-0.074,0.041,4.001,-0.195,-0.728,0.498,1.266,-3.872,-1.209,-4.207,-2.627,0.842,1.149,-4.530,1.871,-0.064,-0.000,-0.000
-53.580,34.997,72.937,-109.417,-179.806,-145.345,a_6,-0.138,-0.097,1.575,1.774,0.062,0.066,0.181,-0.380,0.925,-0.765,1.120,1.242,-2.192,0.980,-4.938,0.112,-3.482,3.253,0.416,0.660,6.412,5.174,0.919,0.000,-0.000
-74.475,-38.045,-77.231,154.205,70.003,-6.531,a_6,-0.138,-0.616,-1.339,-1.508,0.103,-2.545,-1.521,-1.054,0.546,3.852,-0.377,-2.098,1.946,0.945,-1.988,-1.313,-3.443,-1.594,0.643,1.779,-5.073,2.592,0.031,0.000,-0.000
-76.887,34.992,59.840,-36.049,141.322,-109.267,a_6,-0.137,-0.440,1.699,1.914,0.074,0.086,0.271,-1.830,1.419,-0.757,0.416,-1.374,-4.183,1.181,-7.694,0.071,-2.674,2.736,0.625,0.982,5.179,4.090,1.323,-0.000,-0.000
-78.672,-32.013,-67.172,146.102,70.002,2.835,a_6,-0.137,-0.394,-1.319,-1.485,0.008,-2.403,-1.505,-0.897,0.513,3.779,-0.280,-1.746,1.566,1.104,-1.487,-1.294,-3.831,-1.573,0.547,2.576,-4.009,3.796,0.043,-0.000,-0.000
-27.121,8.597,121.259,-129.998,-148.243,-34.916,a_6,-0.137,0.109,1.147,1.292,-0.584,1.113,0.617,-1.565,1.323,2.095,0.663,1.541,-0.545,0.238,-3.545,-0.252,-3.538,1.166,0.227,0.009,1.910,4.933,0.252,-0.000,-0.000
-100.134,-59.560,28.340,147.544,92.425,-30.000,a_6,-0.137,0.015,-1.549,-1.745,-0.239,-2.469,-1.450,0.653,-0.214,4.485,0.269,1.208,0.506,1.270,-1.931,-1.460,-4.127,-4.666,0.407,4.436,-3.264,4.233,-0.044,-0.000,-0.000
-52.123,34.999,64.216,-11.462,160.328,-57.832,a_6,-0.136,-0.515,1.580,1.780,0.289,1.185,1.022,-1.642,0.983,-0.256,0.027,-1.242,-3.760,1.074,-5.874,0.255,-2.272,2.630,0.472,0.175,6.595,3.884,0.968,0.000,-0.000
-38.891,34.998,72.520,-107.568,-92.711,-45.642,a_6,-0.136,0.375,1.567,1.765,-0.511,1.920,1.124,-1.253,1.111,0.571,1.000,3.621,-1.681,0.817,-2.667,-0.056,-4.878,3.332,0.204,0.361,5.247,5.677,0.572,0.000,-0.000
-60.705,34.999,78.651,-125.462,-178.501,-147.790,a_6,-0.136,-0.403,1.546,1.741,0.177,-0.135,0.077,-0.292,0.873,-0.989,1.150,1.062,-2.433,0.917,-5.862,0.048,-3.546,3.117,0.481,0.806,5.641,4.867,1.056,0.000,-0.000
-24.298,43.500,-0.000,36.290,50.854,-145.361,a_6,-0.135,0.529,1.529,1.723,-0.556,-0.470,-0.315,0.239,0.523,-1.845,0.058,1.124,-3.366,1.589,-0.865,0.046,-6.397,3.317,0.079,-0.238,5.483,4.568,0.383,0.000,-0.000
-86.151,34.995,54.016,-47.253,140.629,-110.423,a_6,-0.135,-0.326,1.675,1.887,-0.140,-0.109,0.039,-1.939,1.473,-0.608,0.669,-1.026,-3.768,1.290,-7.477,0.026,-2.777,2.971,0.655,1.688,5.151,4.593,1.398,-0.000,-0.000
-53.734,35.000,62.516,168.884,-85.221,4.292,a_6,-0.135,-0.083,1.631,1.838,-0.091,2.630,1.456,-0.576,0.390,0.748,0.869,0.933,-6.047,0.811,-5.960,-0.283,-5.738,2.478,0.404,0.327,1.971,3.772,0.965,0.000,-0.000
-42.466,34.324,46.421,-179.890,-70.002,17.916,a_6,-0.135,0.101,1.650,1.859,-0.335,2.800,1.491,-0.136,0.298,0.702,1.176,2.166,-5.465,0.987,-4.252,-0.213,-6.427,2.773,0.277,0.240,3.131,4.577,0.730,0.000,-0.000
83.606,-25.569,-49.328,167.128,110.000,-7.146,a_6,-0.134,0.335,1.127,1.269,-0.235,1.903,1.047,0.106,0.082,-3.073,0.023,-0.120,-1.821,1.507,-0.412,0.867,-2.603,2.970,0.528,4.729,0.424,-2.918,0.106,0.000,-0.000
118.691,34.997,23.336,90.127,5.605,6.006,a_6,-0.134,-0.136,-1.658,-1.868,-0.187,-2.861,-1.775,-0.576,0.454,1.695,-0.537,-2.295,2.179,1.507,-3.446,-0.648,-3.374,-2.011,0.619,4.506,-8.075,-2.506,1.254,-0.000,-0.000
-74.139,34.998,62.761,-27.733,165.667,-87.107,a_6,-0.134,-0.526,1.643,1.851,0.216,0.612,0.693,-1.949,1.372,-0.085,0.266,-1.264,-3.749,1.164,-7.485,0.137,-2.279,2.775,0.611,0.890,5.783,4.137,1.284,0.000,-0.000
-44.251,34.999,47.109,164.435,-96.586,29.203,a_6,-0.133,-0.117,1.641,1.848,-0.068,2.781,1.392,0.020,0.062,0.359,0.929,1.007,-5.939,1.006,-4.865,-0.143,-6.050,2.720,0.332,0.174,3.548,4.252,0.812,0.000,-0.000
53.241,-53.581,144.485,-151.943,-70.173,-119.832,a_6,-0.133,-0.289,1.202,1.353,-0.219,-0.903,-0.462,-2.254,1.718,-0.728,0.559,1.668,-2.347,-0.026,-6.314,0.552,0.717,3.640,0.773,1.468,0.891,-1.633,0.183,-0.000,-0.000
26.425,41.310,-0.007,-73.590,-131.063,55.247,a_6,-0.133,0.675,-1.097,-1.236,-0.725,-0.528,-0.616,-0.665,0.925,0.380,1.478,5.690,-0.982,1.687,2.307,0.011,-3.380,-1.793,-0.151,0.673,-0.941,-1.541,0.035,-0.000,-0.000
122.343,44.599,-0.029,40.412,35.414,76.897,a_6,-0.133,-0.275,-1.561,-1.758,-0.097,-1.130,-0.985,-1.851,1.336,1.111,0.077,-1.871,2.490,1.505,-2.026,-0.588,-2.667,-2.854,0.693,4.993,-7.747,-2.426,1.298,-0.000,-0.000
-3.595,35.001,-51.381,43.107,161.469,169.722,a_6,-0.132,0.913,-0.758,-0.853,-0.676,1.348,0.604,-0.408,1.020,1.293,0.228,1.463,-0.138,1.992,0.584,-0.104,-3.143,1.006,-0.139,-0.401,1.387,2.370,-0.003,-0.000,-0.000
-59.007,35.000,86.829,-135.986,-88.395,-14.466,a_6,-0.132,-0.299,1.524,1.716,-0.184,2.221,1.275,-1.759,1.152,0.832,0.956,2.524,-3.212,0.639,-5.021,-0.305,-5.481,3.108,0.384,0.976,2.748,5.053,0.945,0.000,-0.000
-49.646,34.997,38.556,106.421,92.817,128.910,a_6,-0.132,0.259,1.588,1.789,-0.369,0.366,-0.074,1.441,-0.257,-1.687,0.400,2.149,-3.331,1.281,-3.504,-0.090,-5.320,3.577,0.295,0.856,5.280,5.998,0.750,-0.000,-0.000
35.263,2.006,-39.997,38.077,86.879,-102.052,a_6,-0.132,0.312,1.037,1.168,-0.388,-0.033,0.149,-1.236,1.354,-1.575,0.392,-0.436,-0.089,1.946,-1.080,0.176,-6.248,0.654,0.262,1.259,-1.679,-2.153,0.003,0.000,-0.000
-48.366,34.999,39.151,-16.407,148.093,-92.705,a_6,-0.132,0.005,1.584,1.784,-0.048,0.639,0.658,-1.038,1.035,-0.596,0.394,-0.431,-3.391,1.376,-3.914,0.200,-3.348,3.404,0.356,0.596,7.382,5.545,0.783,0.000,-0.000
108.620,44.686,-0.001,68.255,9.011,43.298,a_6,-0.131,-0.044,-1.674,-1.885,-0.172,-2.277,-1.571,-1.161,0.846,0.931,-0.289,-1.699,3.266,1.495,-0.958,-0.620,-3.204,-3.489,0.603,4.629,-8.705,-3.051,1.107,0.000,-0.000
-45.086,31.436,43.884,-179.908,-70.003,19.160,a_6,-0.131,0.123,1.614,1.819,-0.355,2.715,1.434,-0.063,0.269,0.827,1.190,2.106,-5.364,1.058,-4.367,-0.242,-6.503,2.651,0.288,0.415,2.955,4.892,0.738,0.000,-0.000
71.151,26.964,3.739,-130.000,-132.985,-18.184,a_6,-0.131,0.388,-1.265,-1.425,-0.595,-2.094,-1.320,0.563,0.053,-0.790,1.674,4.138,-0.431,1.719,1.289,0.102,-0.885,-2.182,0.190,4.527,-3.294,-4.558,0.482,0.000,-0.000
68.473,-27.353,-31.388,137.127,110.000,-0.480,a_6,-0.130,-0.007,1.047,1.180,-0.088,1.703,0.888,-0.352,0.251,-2.360,-0.102,-0.804,-0.936,1.704,-2.040,0.638,-2.916,3.333,0.531,3.705,-0.788,-3.208,0.098,0.000,-0.000
41.832,-18.721,119.155,-130.000,-32.677,-112.308,a_6,-0.130,0.443,1.020,1.149,-0.574,-0.392,-0.210,-1.524,1.499,-1.253,0.850,3.306,-3.094,0.341,-3.766,0.244,0.292,2.384,0.405,1.676,-1.298,-2.591,0.087,0.000,-0.000
37.792,-54.361,30.822,-129.977,-150.383,179.508,a_6,-0.130,-0.246,1.247,1.405,-0.297,-1.317,-0.869,-0.263,0.683,-0.895,1.514,0.881,-2.435,1.566,-6.898,0.333,-2.603,3.920,0.806,0.910,-1.122,-1.344,0.033,0.000,-0.000
120.711,35.000,36.947,-72.079,-8.501,128.316,a_6,-0.130,-0.210,-1.562,-1.760,-0.284,0.456,0.043,-0.764,0.904,1.016,1.373,1.669,0.090,1.571,-1.519,-0.619,-3.942,-2.201,0.577,5.891,-8.004,-2.819,1.192,0.000,-0.000
-28.105,41.613,-89.999,15.158,-179.093,-92.759,a_6,-0.129,0.309,0.974,1.097,-0.588,-0.386,-0.197,-1.577,1.480,2.360,0.923,0.740,-0.659,1.857,0.931,-0.383,-2.397,2.734,-0.232,0.219,0.970,4.826,0.052,-0.000,-0.000
-82.544,35.000,48.475,85.288,65.416,145.630,a_6,-0.129,-0.039,1.559,1.756,-0.199,-0.492,-0.463,0.012,0.428,-0.797,-0.153,0.086,-4.559,1.211,-6.768,-0.273,-5.380,2.964,0.584,1.793,2.699,4.729,1.305,0.000,-0.000
71.128,-74.259,40.291,129.999,103.259,52.210,a_6,-0.128,-0.176,1.525,1.718,-0.200,1.915,0.914,0.304,0.010,-3.559,0.082,0.179,-2.609,1.442,-6.732,0.841,-2.143,7.052,0.768,2.598,0.251,-1.793,0.054,0.000,-0.000
-18.853,43.058,-1.769,-179.906,-70.002,47.063,a_6,-0.128,0.564,1.519,1.711,-0.569,2.480,1.195,1.484,-0.459,0.803,1.305,2.468,-3.816,1.543,-0.804,-0.039,-7.501,2.829,0.010,-0.384,4.283,3.944,0.320,-0.000,-0.000
-65.040,33.798,71.850,-108.684,-80.117,-49.391,a_6,-0.128,0.204,1.570,1.768,-0.348,2.040,1.235,-1.588,1.215,0.522,1.024,2.979,-2.325,0.939,-4.600,-0.204,-5.251,3.503,0.410,1.618,4.320,6.042,0.980,0.000,-0.000
36.437,-59.032,144.006,-159.863,-70.000,-85.623,a_6,-0.128,-0.624,1.150,1.295,-0.133,-0.602,-0.248,-2.741,1.850,-0.514,0.546,1.759,-2.619,-0.218,-6.620,0.344,0.775,3.006,0.963,0.558,-0.442,-0.797,0.062,0.000,-0.000
-32.339,20.620,34.646,159.219,-78.178,30.000,a_6,-0.127,0.537,1.499,1.689,-0.515,2.350,1.168,0.999,-0.240,0.894,1.170,1.700,-5.301,1.336,-3.830,-0.163,-6.288,1.784,0.215,0.055,2.993,4.991,0.477,0.000,-0.000
60.342,-70.522,44.116,129.996,73.801,71.503,a_6,-0.127,-0.329,1.455,1.638,-0.109,1.532,0.605,0.481,-0.063,-2.523,0.203,1.106,-3.383,1.414,-6.944,0.691,-2.758,6.291,0.842,1.947,-0.566,-1.663,0.022,-0.000,-0.000
-119.835,-3.798,-89.999,-55.035,-85.096,-135.987,a_6,-0.127,0.004,-1.443,-1.625,-0.155,0.043,0.120,0.871,0.045,2.651,1.045,0.858,3.586,0.830,2.928,-1.509,-0.981,0.537,0.237,6.384,-5.526,4.480,0.196,-0.000,-0.000
-101.296,34.996,45.363,-26.131,137.830,-109.326,a_6,-0.127,-0.393,1.577,1.777,-0.094,-0.185,0.018,-2.236,1.643,-0.314,0.516,-1.606,-3.947,1.394,-7.890,-0.070,-2.920,2.786,0.725,2.358,4.036,4.361,1.548,0.000,-0.000
25.705,-50.494,8.460,129.999,68.415,90.585,a_6,-0.127,-0.527,1.118,1.259,0.038,0.679,-0.028,0.494,0.024,-0.982,-0.030,0.686,-2.647,1.623,-6.262,0.170,-3.414,2.758,0.898,0.315,-1.856,-0.580,0.007,-0.000,-0.000
-6.885,35.002,-46.306,-89.005,-37.187,-21.877,a_6,-0.126,0.187,1.143,1.287,-0.483,1.665,0.925,-1.066,0.945,0.044,1.706,4.577,-1.532,1.828,-0.172,-0.208,-6.035,1.168,-0.131,-0.388,0.749,2.331,0.060,-0.000,-0.000
-91.066,35.000,64.572,-100.420,-176.774,-144.984,a_6,-0.125,-0.537,1.492,1.680,0.143,-0.511,-0.150,-0.938,1.164,-0.460,1.156,0.571,-2.625,1.226,-7.081,-0.033,-3.039,3.121,0.660,2.217,4.886,4.935,1.421,-0.000,-0.000
-69.887,34.990,47.617,81.753,179.838,17.176,a_6,-0.125,-0.475,1.622,1.827,0.213,2.832,1.476,-0.798,0.338,-0.840,-0.342,-2.026,-4.974,1.247,-7.063,0.103,-3.126,2.855,0.575,0.848,5.648,4.307,1.221,-0.000,-0.000
-74.342,35.000,43.217,44.416,179.873,-34.127,a_6,-0.125,-0.282,1.628,1.834,0.124,2.228,1.448,-1.569,0.896,-0.064,-0.302,-1.946,-4.468,1.335,-6.771,0.132,-2.768,3.115,0.586,1.260,6.270,4.808,1.246,-0.000,-0.000
-83.659,34.993,48.413,28.268,179.786,-34.702,a_6,-0.125,-0.506,1.629,1.835,0.147,1.966,1.296,-2.081,1.183,0.312,-0.245,-2.069,-4.264,1.322,-7.629,0.111,-2.312,2.907,0.655,1.422,5.753,4.423,1.382,0.000,-0.000
-76.853,34.998,55.981,166.884,-89.853,27.029,a_6,-0.125,-0.237,1.595,1.797,-0.108,2.365,1.250,-0.336,0.280,1.043,0.636,-0.410,-5.908,1.017,-7.568,-0.357,-5.814,2.395,0.572,0.972,1.151,3.651,1.280,0.000,-0.000
-26.268,34.997,6.053,178.237,-70.501,29.904,a_6,-0.125,0.623,1.482,1.669,-0.554,2.376,1.177,1.161,-0.311,0.893,1.293,2.296,-4.137,1.514,-1.947,-0.112,-7.278,2.680,0.096,-0.159,3.862,4.641,0.391,-0.000,-0.000
-62.052,44.641,-0.000,66.135,61.945,179.339,a_6,-0.124,0.183,1.597,1.799,-0.300,-0.483,-0.391,-0.156,0.710,-1.380,-0.100,0.133,-3.763,1.469,-3.504,-0.128,-6.243,4.754,0.388,1.412,5.322,5.997,0.958,0.000,-0.000
-23.023,38.664,-13.890,-173.227,-70.001,40.332,a_6,-0.124,0.575,1.439,1.621,-0.586,2.240,1.066,1.294,-0.350,1.058,1.315,2.280,-3.300,1.658,-1.178,-0.131,-7.623,2.767,0.017,-0.235,3.608,4.438,0.319,0.000,-0.000
60.064,-69.700,38.993,129.995,16.774,100.200,a_6,-0.124,-0.180,1.546,1.741,-0.148,0.803,0.175,0.834,-0.143,-0.729,0.142,0.971,-4.398,1.494,-6.356,0.674,-5.263,6.914,0.837,2.109,-1.619,-1.779,-0.077,0.000,-0.000
-91.542,-75.866,73.282,130.000,107.446,-39.305,a_6,-0.124,-0.229,-1.488,-1.676,-0.173,-2.433,-1.395,0.387,-0.084,4.095,0.395,1.423,-1.414,1.012,-4.823,-1.440,-3.365,-5.292,0.442,3.214,-4.837,3.544,0.075,0.000,-0.000
-43.276,34.996,9.015,-179.873,-79.361,35.441,a_6,-0.123,0.336,1.562,1.759,-0.458,2.465,1.231,0.753,-0.123,0.905,1.108,1.445,-4.376,1.436,-3.183,-0.191,-7.291,3.282,0.227,0.519,4.034,5.537,0.647,-0.000,-0.000
-66.336,44.600,-0.000,10.660,96.920,-111.857,a_6,-0.123,-0.027,1.626,1.832,-0.323,-0.112,0.011,-1.395,1.285,-1.645,0.395,-0.761,-3.918,1.509,-3.640,-0.020,-5.134,4.908,0.448,1.641,6.372,6.142,1.025,0.000,-0.000
-92.201,44.691,-0.018,6.916,118.344,-115.021,a_6,-0.123,-0.129,1.567,1.766,-0.253,-0.181,-0.023,-1.899,1.545,-0.832,0.511,-1.283,-3.601,1.528,-4.524,-0.104,-4.288,4.685,0.634,3.042,5.260,5.863,1.346,0.000,-0.000
-60.230,35.000,58.455,-94.261,-86.679,-42.806,a_6,-0.123,0.147,1.556,1.752,-0.380,1.895,1.142,-1.551,1.206,0.527,1.057,3.413,-1.704,1.107,-3.524,-0.125,-5.028,3.918,0.348,1.599,5.464,6.618,0.858,-0.000,-0.000
-107.199,44.615,-0.012,3.258,131.864,-111.358,a_6,-0.123,-0.183,1.491,1.679,-0.259,-0.259,-0.078,-2.138,1.653,-0.212,0.606,-1.359,-3.251,1.556,-4.665,-0.144,-3.699,4.312,0.716,3.879,4.433,5.469,1.487,0.000,-0.000
47.208,-30.874,21.450,-170.497,-110.000,107.796,a_6,-0.122,0.174,1.129,1.271,-0.380,0.152,-0.315,1.410,-0.225,-0.466,1.349,0.686,-1.924,1.810,-4.423,0.329,-4.683,3.627,0.477,2.128,-1.796,-2.846,0.042,-0.000,-0.000
-69.810,34.995,30.756,-178.499,-83.298,25.095,a_6,-0.122,0.039,1.562,1.759,-0.276,2.380,1.238,0.025,0.173,1.062,0.885,0.505,-4.804,1.249,-5.498,-0.318,-6.817,3.205,0.462,1.513,2.747,5.226,1.090,0.000,-0.000
-12.224,35.000,76.181,158.073,-101.691,-11.192,a_6,-0.122,-0.286,1.138,1.282,0.121,1.804,1.048,-0.968,0.485,0.303,1.481,3.928,-4.814,0.449,-1.732,-0.118,-4.244,1.685,0.036,-0.490,2.381,2.754,0.289,0.000,-0.000
-106.878,35.000,66.242,-112.135,-178.763,-164.172,a_6,-0.122,-0.575,1.428,1.609,0.123,-0.776,-0.429,-0.831,1.084,-0.530,1.226,0.401,-2.738,1.259,-7.908,-0.127,-2.935,2.692,0.744,2.643,3.413,4.250,1.591,0.000,-0.000
92.394,-87.853,58.236,-129.220,-132.503,148.815,a_6,-0.122,0.116,1.641,1.849,-0.172,-0.328,-0.354,-0.187,0.533,-2.590,1.268,0.706,-3.471,1.317,-5.723,1.132,-3.177,9.533,0.633,3.860,1.199,-1.503,-0.058,0.000,-0.000
75.748,-84.786,62.662,129.999,57.749,75.796,a_6,-0.122,-0.405,1.604,1.807,-0.046,1.849,0.802,0.508,-0.105,-2.675,0.266,1.358,-4.202,1.231,-7.007,0.937,-2.888,8.277,0.806,2.524,0.197,-1.397,-0.024,0.000,-0.000
-75.862,35.000,63.601,-129.165,-65.898,-7.613,a_6,-0.122,-0.161,1.505,1.695,-0.297,2.332,1.302,-1.423,1.024,0.725,1.169,2.715,-3.278,1.015,-5.181,-0.359,-5.986,3.373,0.477,2.040,2.646,5.590,1.124,0.000,-0.000
-71.686,34.993,21.876,121.916,81.898,136.956,a_6,-0.122,0.121,1.503,1.693,-0.398,-0.105,-0.298,1.027,-0.040,-1.011,0.303,1.743,-2.817,1.469,-3.645,-0.252,-5.641,3.984,0.402,2.398,4.470,6.770,0.980,0.000,-0.000
-74.751,-64.721,58.765,129.998,129.818,-73.389,a_6,-0.121,-0.549,-1.307,-1.472,-0.048,-2.109,-1.041,0.665,-0.160,2.810,0.428,1.835,-1.207,1.180,-5.113,-1.224,-3.200,-4.244,0.578,2.544,-3.492,4.158,0.010,-0.000,-0.000
-25.075,44.686,-0.002,-126.713,-47.656,-4.743,a_6,-0.120,0.431,1.417,1.596,-0.588,2.464,1.323,-0.301,0.549,0.192,1.680,4.636,-2.669,1.479,-0.646,-0.156,-6.746,3.337,-0.049,-0.152,3.715,4.671,0.324,-0.000,-0.000
100.000,-16.717,-109.918,158.871,86.238,-29.470,a_6,-0.120,-0.380,1.128,1.271,-0.031,1.235,0.833,-1.717,1.075,-3.033,0.069,-1.531,0.210,0.681,0.725,0.877,-0.379,2.263,0.388,6.973,1.142,-3.257,0.310,0.000,-0.000
69.940,35.000,24.623,-123.572,-15.825,-152.478,a_6,-0.120,0.349,-1.378,-1.552,-0.226,0.280,0.206,1.683,-0.150,1.723,1.731,3.155,0.418,1.609,1.838,-0.289,-3.408,-3.280,0.214,4.025,-6.647,-4.504,0.489,-0.000,-0.000
88.492,-40.142,11.910,138.143,110.000,23.373,a_6,-0.120,0.322,1.272,1.433,-0.394,1.954,0.928,0.526,-0.045,-3.072,0.186,0.500,-1.256,1.742,-2.191,0.763,-2.503,5.248,0.406,6.106,-0.209,-3.689,0.188,0.000,-0.000
-75.841,-57.139,18.340,129.996,112.202,-63.756,a_6,-0.120,-0.715,-1.219,-1.373,0.181,-2.274,-1.026,0.268,-0.044,3.390,0.013,0.556,-0.513,1.380,-3.854,-1.246,-3.972,-3.744,0.609,2.581,-3.177,4.020,-0.035,-0.000,-0.000
-82.673,34.994,63.214,-177.352,-76.290,27.314,a_6,-0.119,-0.380,1.511,1.702,-0.126,2.348,1.237,-0.665,0.486,1.396,0.851,0.488,-5.383,0.972,-7.359,-0.460,-6.020,2.430,0.578,1.355,0.340,3.810,1.305,0.000,-0.000
-125.258,34.996,39.160,-75.132,-179.782,-145.377,a_6,-0.119,-0.384,1.339,1.508,-0.115,-1.080,-0.574,-1.355,1.326,0.323,1.286,0.523,-2.241,1.572,-5.855,-0.168,-2.568,2.830,0.751,4.775,3.280,4.730,1.620,-0.000,-0.000
-8.287,15.900,62.559,164.535,-70.000,-0.958,a_6,-0.119,0.217,1.116,1.257,-0.209,2.005,1.041,-0.024,0.134,0.374,1.745,4.298,-4.827,0.915,-2.528,-0.112,-4.291,0.943,0.138,-0.482,1.144,2.782,0.156,0.000,-0.000
-91.104,35.000,36.158,68.902,64.794,-165.157,a_6,-0.118,-0.484,1.458,1.642,-0.084,-0.923,-0.556,-0.473,0.818,-0.797,-0.274,-0.600,-4.392,1.337,-6.720,-0.306,-5.586,2.991,0.621,2.343,2.446,4.838,1.379,0.000,-0.000
-96.044,35.000,13.402,14.078,108.647,-117.412,a_6,-0.118,-0.237,1.476,1.663,-0.175,-0.387,-0.099,-1.834,1.545,-0.868,0.346,-1.449,-3.760,1.536,-5.399,-0.193,-4.548,3.537,0.612,3.396,4.199,5.871,1.361,0.000,-0.000
63.995,-68.388,69.176,129.999,29.985,72.009,a_6,-0.118,0.004,1.489,1.677,-0.310,1.408,0.569,0.871,-0.199,-1.135,0.628,2.250,-4.713,1.294,-6.628,0.687,-3.681,7.173,0.696,2.737,-0.766,-2.344,-0.008,0.000,-0.000
-90.333,34.999,27.573,0.537,151.738,-89.613,a_6,-0.117,-0.422,1.505,1.695,0.015,0.239,0.410,-2.009,1.515,0.073,0.361,-1.401,-3.854,1.510,-5.957,-0.009,-3.171,3.537,0.620,2.757,5.726,5.738,1.351,0.000,-0.000
81.613,35.000,40.347,-109.091,-109.814,32.847,a_6,-0.117,-0.053,-1.329,-1.497,-0.094,-1.650,-1.327,-0.688,0.520,0.658,1.586,4.899,-0.688,1.455,0.971,-0.217,-1.000,-3.171,0.308,4.813,-5.953,-4.410,0.707,0.000,-0.000
-69.829,-54.409,32.940,130.000,96.361,-49.589,a_6,-0.117,-0.299,-1.277,-1.439,-0.151,-2.050,-1.105,0.413,-0.067,3.499,0.217,0.934,-1.665,1.373,-4.914,-1.143,-4.489,-3.258,0.589,2.311,-3.250,4.422,0.068,0.000,-0.000
-87.016,34.996,42.389,126.247,-179.887,58.503,a_6,-0.117,-0.600,1.500,1.690,0.187,2.386,0.992,-0.027,0.075,-1.422,-0.031,-1.739,-4.684,1.334,-7.499,-0.067,-3.737,2.914,0.652,1.740,4.297,4.530,1.405,-0.000,-0.000
-48.331,-67.084,1.562,149.218,77.258,-29.999,a_6,-0.117,-0.281,-1.182,-1.331,-0.022,-1.887,-1.071,0.060,-0.004,3.455,-0.090,-0.354,-0.908,1.345,-5.644,-1.000,-4.374,-2.137,0.957,0.586,-4.439,1.559,-0.040,-0.000,-0.000
-3.594,-8.104,-21.857,-148.504,-110.000,-55.768,a_6,-0.117,-0.264,-0.679,-0.765,-0.028,-1.056,-0.363,0.382,-0.021,-0.576,1.431,1.914,-1.065,1.828,-2.910,-0.219,-2.888,0.701,0.436,-0.291,-0.488,1.683,-0.018,0.000,-0.000
-124.140,44.688,-0.006,62.889,179.909,-41.218,a_6,-0.117,-0.400,1.382,1.557,-0.086,1.437,0.932,-2.328,1.478,1.106,-0.221,-2.410,-3.388,1.548,-5.508,-0.125,-2.685,3.557,0.827,4.231,3.663,4.447,1.655,-0.000,-0.000
81.455,-52.084,32.218,-159.554,-110.000,131.794,a_6,-0.117,0.097,1.382,1.557,-0.401,0.103,-0.240,1.393,-0.178,-1.418,1.280,0.477,-1.812,1.758,-3.512,0.720,-4.628,6.830,0.422,5.432,-0.680,-3.704,0.056,0.000,-0.000
79.592,-78.691,74.914,130.000,44.707,84.563,a_6,-0.115,-0.299,1.550,1.746,-0.200,1.854,0.798,0.815,-0.170,-2.143,0.529,2.117,-4.482,1.233,-6.279,0.923,-3.154,8.532,0.645,3.588,0.411,-2.141,-0.007,-0.000,-0.000
69.759,44.338,-0.004,-81.958,-0.314,177.668,a_6,-0.115,0.751,-1.484,-1.672,-0.541,0.801,0.328,0.744,0.269,0.949,1.719,3.249,1.075,1.717,3.623,-0.302,-4.543,-4.642,0.168,4.188,-6.756,-4.647,0.441,-0.000,-0.000
2.407,-0.001,-58.163,-121.837,-85.926,76.002,a_6,-0.115,-0.649,0.858,0.966,0.119,1.364,0.218,0.227,0.150,0.897,1.389,1.195,-0.955,1.775,-1.923,-0.164,-6.006,0.503,0.380,-0.252,-1.367,0.949,0.017,0.000,-0.000
-108.073,35.000,77.373,-112.453,179.770,179.909,a_6,-0.115,-0.463,1.350,1.520,0.185,-0.601,-0.411,-1.083,1.207,-0.350,1.119,0.156,-2.930,1.128,-8.919,-0.164,-2.840,2.313,0.773,2.060,2.522,3.547,1.640,0.000,-0.000
-48.347,-29.181,-60.567,146.510,70.003,-13.068,a_6,-0.115,-0.552,-1.017,-1.145,0.107,-1.993,-1.164,-0.835,0.420,2.850,-0.327,-1.765,0.597,1.369,-3.033,-0.926,-4.679,-0.798,0.665,0.863,-3.499,3.130,0.048,-0.000,-0.000
-35.821,34.999,46.280,-125.052,-63.934,1.908,a_6,-0.115,0.050,1.343,1.513,-0.521,2.385,1.267,-1.048,0.945,0.002,1.375,4.183,-3.119,1.053,-2.387,-0.168,-5.785,3.129,0.149,0.239,4.025,5.385,0.503,0.000,-0.000
-116.080,34.999,38.404,-73.210,-179.909,-123.569,a_6,-0.114,-0.532,1.335,1.503,-0.107,-1.003,-0.447,-1.423,1.325,0.316,1.266,0.664,-2.242,1.564,-5.556,-0.120,-2.590,3.201,0.712,4.517,4.253,5.327,1.544,-0.000,-0.000
-68.409,-38.316,22.894,-140.669,-70.003,-136.389,a_6,-0.113,-0.111,-1.103,-1.242,-0.159,0.354,0.328,0.778,0.208,1.679,1.397,1.006,-1.147,1.564,-3.932,-0.988,-3.860,-2.477,0.485,2.793,-1.162,5.926,0.097,0.000,-0.000
-16.117,-17.157,147.041,-129.996,-179.783,-13.000,a_6,-0.113,-0.206,0.821,0.924,-0.523,1.008,0.501,-1.816,1.403,2.131,0.223,-0.582,-0.442,-0.024,-4.898,-0.324,-2.101,0.439,0.458,-0.232,-0.458,3.190,0.055,-0.000,-0.000
-59.119,4.341,59.462,158.855,-87.984,30.000,a_6,-0.113,0.002,1.390,1.566,-0.298,2.183,1.058,0.085,0.165,1.433,1.032,0.957,-5.700,1.164,-6.140,-0.463,-5.453,0.742,0.354,1.413,0.497,5.811,0.783,-0.000,-0.000
-57.015,-38.447,17.914,-159.434,-109.998,-89.248,a_6,-0.113,-0.425,-0.948,-1.068,0.090,-1.138,-0.288,0.781,-0.049,0.972,1.283,1.351,-0.413,1.606,-3.887,-0.889,-2.469,-2.202,0.560,1.923,-0.600,5.320,-0.033,0.000,-0.000
89.158,-13.626,-55.361,132.708,110.000,-10.415,a_6,-0.112,-0.089,1.062,1.196,-0.161,1.676,0.928,-0.899,0.625,-2.104,-0.056,-1.243,0.473,1.515,0.853,0.659,-2.453,2.293,0.353,6.651,-0.716,-4.119,0.231,0.000,-0.000
124.494,44.642,-0.000,-44.841,-28.146,134.864,a_6,-0.111,-0.173,-1.455,-1.639,-0.153,0.451,-0.058,-0.638,0.993,0.661,1.398,2.147,1.535,1.681,1.492,-0.571,-4.459,-3.239,0.576,7.208,-7.727,-2.911,1.148,-0.000,-0.000
-47.689,44.636,-0.001,-92.237,-179.878,-158.621,a_6,-0.110,0.384,1.396,1.573,-0.397,-0.555,-0.359,0.310,0.642,-0.416,1.662,2.623,-1.152,1.687,-0.425,0.002,-3.777,5.131,0.137,1.162,6.864,7.160,0.545,0.000,-0.000
-76.039,-85.536,130.000,-102.998,-109.929,130.906,a_6,-0.110,-0.495,-1.320,-1.487,-0.093,0.553,0.127,-1.788,1.406,2.203,0.388,1.126,-1.407,0.405,-7.383,-1.310,-1.300,-4.194,0.558,1.819,-6.306,2.795,0.181,-0.000,-0.000
34.312,-42.017,92.204,130.000,-16.793,69.680,a_6,-0.110,0.015,1.219,1.373,-0.503,1.750,0.741,0.950,-0.130,0.680,1.407,3.084,-5.659,0.887,-6.364,0.222,-2.533,3.949,0.565,1.046,-2.213,-1.741,-0.012,0.000,-0.000
-33.334,-3.929,87.875,-179.907,-70.000,6.854,a_6,-0.110,-0.404,1.135,1.279,-0.227,1.956,1.002,-1.470,1.003,1.041,1.397,3.433,-4.968,0.547,-4.818,-0.478,-3.622,0.369,0.381,0.152,-1.332,4.204,0.353,-0.000,-0.000
-1.180,-0.000,-89.938,90.061,73.630,62.483,a_6,-0.109,-0.560,-0.642,-0.724,0.049,0.175,-0.417,-2.032,1.399,0.672,-0.104,-2.397,-0.185,1.568,-1.857,-0.208,-3.438,0.580,0.370,-0.268,-0.940,1.292,-0.005,0.000,-0.000
-84.182,44.691,-0.001,-44.663,-179.896,-119.751,a_6,-0.108,-0.125,1.450,1.634,-0.201,-0.415,-0.079,-1.103,1.250,0.289,1.227,1.157,-2.089,1.672,-2.020,-0.026,-2.982,5.633,0.476,3.573,7.009,7.461,1.101,-0.000,-0.000
-83.503,34.994,49.032,-161.291,-89.651,15.037,a_6,-0.107,-0.459,1.337,1.506,0.081,2.154,1.087,-0.907,0.482,1.120,1.066,1.270,-4.241,1.161,-6.056,-0.418,-6.401,3.037,0.544,2.114,1.614,4.976,1.248,-0.000,-0.000
-79.347,44.687,-0.001,-25.591,179.900,-128.158,a_6,-0.107,0.150,1.438,1.620,-0.190,0.126,0.218,-1.208,1.352,0.348,0.966,0.757,-2.372,1.656,-2.229,0.005,-3.118,5.597,0.460,3.112,7.253,7.353,1.065,0.000,-0.000
56.389,-6.503,-19.436,-154.061,-110.000,-84.851,a_6,-0.106,-0.043,-0.724,-0.816,-0.547,-1.008,-0.556,1.215,-0.214,-2.241,1.231,1.279,-0.877,1.835,-1.439,0.389,-2.080,1.382,0.362,2.909,-1.156,-3.396,0.167,0.000,-0.000
-61.689,35.000,44.501,-173.080,-97.682,60.136,a_6,-0.106,-0.707,1.344,1.514,0.079,2.816,1.229,-0.313,0.319,0.483,1.009,0.926,-5.275,1.090,-5.617,-0.275,-6.391,2.991,0.431,0.945,2.802,4.779,1.022,-0.000,-0.000
-94.913,35.000,87.029,-131.097,-88.691,-15.821,a_6,-0.106,-0.744,1.279,1.440,0.158,1.652,1.007,-2.207,1.199,1.094,1.061,2.325,-3.213,0.871,-6.869,-0.416,-5.140,2.783,0.630,2.415,1.212,4.526,1.404,0.000,-0.000
-48.318,-14.958,99.419,148.296,-70.000,28.445,a_6,-0.106,-0.394,1.247,1.405,-0.270,2.166,1.096,-0.854,0.692,1.794,1.132,1.738,-6.255,0.536,-6.461,-0.656,-2.974,-0.193,0.437,0.594,-3.631,4.096,0.577,0.000,-0.000
-21.857,-13.572,63.180,129.989,-179.902,-69.686,a_6,-0.103,0.244,-0.890,-1.002,-0.589,-0.926,-0.525,1.374,-0.324,-0.803,1.305,3.588,-1.536,1.146,-4.715,-0.326,-3.063,0.389,0.380,-0.068,0.734,4.155,0.063,0.000,-0.000
27.865,44.531,-51.037,-129.998,-30.725,-141.267,a_6,-0.103,0.414,-0.873,-0.984,-0.508,0.962,0.599,2.216,-0.427,0.656,1.778,2.570,0.128,1.992,2.696,0.039,-5.829,-1.895,-0.234,0.796,-0.350,-1.694,0.014,-0.000,-0.000
115.545,15.280,32.676,-151.884,-70.001,-117.315,a_6,-0.103,-0.576,-1.083,-1.220,-0.093,-1.612,-0.714,1.633,-0.343,0.840,1.190,0.437,0.918,1.712,-1.856,-0.239,-1.839,-0.503,0.396,7.305,-4.737,-3.370,1.101,0.000,-0.000
-77.320,35.000,15.888,-52.521,-82.941,-50.558,a_6,-0.103,0.270,1.381,1.555,-0.526,1.463,0.862,-1.581,1.325,0.903,1.113,3.668,-0.621,1.627,-1.365,-0.251,-4.198,4.649,0.332,3.649,5.463,8.155,0.854,-0.000,-0.000
88.545,42.260,-0.001,-77.916,-24.488,173.354,a_6,-0.101,0.092,-1.344,-1.514,-0.124,0.434,0.080,0.893,0.380,1.235,1.680,2.975,1.269,1.720,3.014,-0.364,-4.163,-4.315,0.311,5.711,-7.342,-4.639,0.694,0.000,-0.000
-97.053,-58.617,73.902,129.998,130.188,-82.648,a_6,-0.101,-0.598,-1.192,-1.342,-0.091,-2.294,-1.119,0.826,-0.148,2.942,0.547,2.152,-0.771,1.185,-3.688,-1.319,-3.529,-4.550,0.297,4.823,-3.168,5.416,0.187,-0.000,-0.000
-80.845,34.997,21.730,-108.225,-64.303,-0.136,a_6,-0.101,-0.144,1.302,1.467,-0.327,2.127,1.137,-1.167,0.888,0.980,1.413,3.399,-1.589,1.459,-2.680,-0.434,-6.262,4.075,0.389,3.367,3.078,7.090,0.977,-0.000,-0.000
-80.696,34.999,14.703,-162.229,-82.185,71.606,a_6,-0.101,-0.431,1.283,1.445,-0.293,2.308,1.083,0.224,0.179,1.212,0.962,0.429,-3.608,1.407,-4.767,-0.406,-7.023,3.494,0.481,2.528,2.428,5.874,1.137,-0.000,-0.000
61.412,-45.521,29.536,-164.015,-70.000,76.674,a_6,-0.101,-0.214,1.155,1.301,-0.013,1.499,0.311,0.745,-0.087,-0.491,1.371,1.620,-3.518,1.711,-4.153,0.556,-5.827,5.478,0.580,3.190,-1.913,-3.071,-0.031,0.000,-0.000
78.589,39.087,-30.224,-130.000,-14.668,-130.165,a_6,-0.100,0.224,-1.276,-1.438,-0.412,-0.118,0.021,2.315,-0.598,1.987,1.455,2.112,2.042,1.811,3.903,-0.120,-4.187,-4.039,0.160,5.599,-5.326,-5.065,0.490,0.000,-0.000
-17.472,-7.195,76.409,-169.129,-70.000,-6.182,a_6,-0.099,-0.405,0.955,1.076,-0.120,1.445,0.768,-1.536,0.969,0.628,1.618,4.363,-4.295,0.726,-4.362,-0.318,-3.450,0.535,0.384,-0.269,-0.749,3.298,0.145,0.000,-0.000
-79.883,-17.503,-0.837,140.646,75.873,-29.999,a_6,-0.099,0.141,-1.116,-1.257,-0.434,-1.790,-1.082,0.455,0.028,3.311,0.259,0.662,-0.963,1.575,-2.671,-0.996,-5.979,-0.839,0.381,3.805,-1.056,6.627,0.355,-0.000,-0.000
-45.987,34.997,38.925,-175.407,-90.329,-21.434,a_6,-0.098,0.190,1.190,1.340,-0.051,2.060,1.250,-0.225,0.180,0.219,1.274,2.326,-4.410,1.158,-3.800,-0.180,-6.262,3.219,0.277,0.543,4.012,5.331,0.731,-0.000,-0.000
-89.980,-62.380,63.749,130.000,118.991,-11.972,a_6,-0.098,0.035,-1.127,-1.270,-0.106,-1.914,-1.157,0.331,-0.130,3.323,0.431,1.439,-1.283,1.226,-4.346,-1.306,-3.530,-4.665,0.379,4.002,-3.449,5.039,0.129,-0.000,-0.000
-56.494,-69.999,135.083,-117.256,-119.727,112.848,a_6,-0.098,-0.565,-1.109,-1.249,-0.149,0.727,0.201,-2.128,1.580,1.862,0.336,1.226,-2.148,0.183,-7.659,-1.046,-1.216,-2.287,0.714,1.017,-5.645,2.916,0.179,0.000,-0.000
-13.116,-20.146,64.154,164.949,-70.001,22.749,a_6,-0.095,-0.135,0.987,1.111,-0.124,1.718,0.715,-0.170,0.199,1.069,1.599,3.058,-5.164,1.102,-5.759,-0.281,-4.162,0.557,0.460,-0.340,-1.425,2.850,0.112,-0.000,-0.000
-17.968,-28.221,30.246,-179.845,-70.002,58.677,a_6,-0.094,-0.265,1.005,1.132,-0.219,1.527,0.505,0.443,0.025,1.795,1.350,1.649,-4.163,1.540,-6.026,-0.386,-5.654,0.260,0.565,-0.198,-1.795,2.982,0.089,-0.000,-0.000
-72.701,44.434,-40.136,-129.998,-179.541,139.062,a_6,-0.092,-0.120,1.154,1.300,-0.231,0.081,-0.335,1.458,-0.056,-1.224,1.350,1.566,-1.173,1.729,0.052,-0.361,-4.156,5.613,0.201,3.331,4.211,8.078,0.739,-0.000,-0.000
-14.587,35.004,-82.012,-64.450,-47.958,172.550,a_6,-0.089,0.023,-0.697,-0.786,-0.296,1.750,0.873,-0.417,0.986,-0.334,1.609,2.016,-0.501,1.795,-0.500,-0.336,-5.922,1.448,-0.120,-0.282,0.037,2.743,0.096,0.000,-0.000
82.704,-66.889,109.129,-130.000,-114.013,175.130,a_6,-0.089,0.259,1.109,1.249,-0.323,-0.947,-0.691,-0.792,1.141,-0.846,1.349,2.017,-2.809,1.074,-6.497,0.754,-1.901,7.120,0.310,4.804,1.749,-3.266,0.320,0.000,-0.000
-46.030,-41.700,128.198,172.474,-76.264,-30.000,a_6,-0.088,-0.560,0.940,1.059,-0.060,0.848,0.547,-2.301,1.416,2.386,0.944,2.217,-3.868,0.019,-5.801,-0.880,-1.515,-0.712,0.714,0.508,-5.535,2.702,0.258,-0.000,-0.000
33.515,-47.019,123.928,-177.888,-109.999,-168.495,a_6,-0.088,-0.165,0.768,0.865,-0.052,-1.181,-0.723,-0.875,1.304,0.295,1.394,2.050,-1.902,0.287,-6.958,0.240,-0.709,3.039,0.666,0.755,0.188,-1.354,0.081,0.000,-0.000
-57.443,-50.127,101.764,129.999,-178.648,-62.418,a_6,-0.087,-0.618,-0.926,-1.043,-0.014,-1.933,-0.891,0.131,0.130,1.203,1.169,2.520,-1.839,0.709,-6.535,-0.919,-2.494,-2.426,0.555,1.654,-2.933,4.905,0.173,0.000,-0.000
18.861,-0.001,-40.038,-127.831,-153.320,76.169,a_6,-0.087,0.660,0.468,0.527,-0.465,-0.960,-0.852,0.515,0.121,-0.830,1.540,1.789,-1.272,1.860,-1.820,0.051,-3.121,0.656,0.350,0.154,-0.664,-0.384,0.007,-0.000,-0.000
119.664,-60.470,-43.128,129.999,11.024,105.590,a_6,-0.086,0.500,1.040,1.171,0.066,0.768,0.029,0.316,0.213,-3.329,-0.455,-0.412,0.353,1.161,3.697,1.237,-5.144,6.449,0.561,6.468,0.896,-1.016,-0.655,0.000,-0.000
51.334,-65.318,81.930,-178.035,-109.999,138.169,a_6,-0.086,-0.378,1.041,1.172,0.002,-0.095,-0.468,0.798,0.298,-0.894,1.515,0.881,-3.203,1.288,-8.187,0.461,-3.264,6.194,0.570,2.076,-0.307,-2.465,0.066,0.000,-0.000
-18.403,35.000,-67.094,-122.669,-46.173,-152.442,a_6,-0.086,0.203,-0.731,-0.823,-0.552,1.560,0.864,1.172,-0.002,0.382,1.559,1.281,-0.912,1.858,-0.498,-0.292,-6.266,1.938,-0.086,-0.244,1.197,3.659,0.136,0.000,-0.000
-78.883,-56.179,108.054,130.000,-179.893,-68.831,a_6,-0.081,-0.751,-0.920,-1.036,0.132,-2.005,-0.835,0.140,0.120,1.770,0.989,2.106,-1.563,0.787,-6.025,-1.144,-2.583,-3.485,0.402,3.112,-3.845,5.293,0.302,0.000,-0.000
-1.610,4.964,34.768,-154.306,-70.000,-6.612,a_6,-0.080,-0.227,0.703,0.792,-0.026,1.137,0.587,-0.838,0.496,0.243,1.861,4.843,-3.362,1.369,-2.699,-0.128,-4.518,0.795,0.234,-0.402,0.105,1.929,0.037,0.000,-0.000
10.294,-55.725,129.696,171.691,-70.224,-30.000,a_6,-0.080,-1.181,0.776,0.874,0.290,0.140,0.243,-2.950,1.596,-0.090,1.128,2.938,-3.598,-0.173,-6.531,-0.068,0.275,1.842,1.006,-0.068,-2.757,0.177,-0.000,-0.000,-0.000
-27.635,-53.332,-11.238,129.999,96.162,-51.050,a_6,-0.078,-0.849,-0.741,-0.834,0.351,-1.531,-0.580,-0.503,0.240,2.030,-0.320,-1.038,-1.386,1.541,-5.920,-0.659,-4.642,-0.672,0.916,0.117,-3.441,1.861,-0.004,0.000,-0.000
-129.299,-69.999,132.110,-61.220,153.043,52.662,a_6,-0.077,-0.057,-1.081,-1.217,-0.343,-0.801,-0.818,-1.710,1.326,3.824,1.009,1.987,0.978,1.460,-4.055,-0.921,-1.061,-4.309,-0.444,9.034,-2.713,6.420,0.822,-0.000,-0.000
104.891,35.000,-122.389,-94.211,23.741,108.907,a_6,-0.072,-0.347,0.927,1.045,-0.313,1.526,0.456,1.441,-0.226,-0.532,0.906,2.916,0.522,1.082,5.757,0.710,-4.192,-2.216,0.097,8.156,3.312,-3.651,0.456,0.000,-0.000
-121.317,14.579,42.918,-129.998,-64.804,42.653,a_6,-0.071,-0.493,0.888,1.000,-0.222,1.791,0.757,-0.512,0.509,2.144,1.398,2.399,-1.550,1.544,-3.388,-0.724,-6.271,1.678,0.468,6.577,-0.398,5.875,1.219,0.000,-0.000
-42.191,31.451,53.777,-171.980,-109.999,98.170,a_6,-0.070,-0.819,0.837,0.943,0.236,3.003,1.114,0.251,0.320,-0.548,1.223,1.633,-5.402,0.989,-4.571,-0.154,-5.631,2.530,0.297,0.216,3.473,4.608,0.741,0.000,-0.000
120.919,-64.329,114.120,130.000,23.957,81.133,a_6,-0.069,0.209,1.012,1.140,-0.408,0.921,0.087,1.562,-0.403,-0.163,0.755,3.066,-2.516,1.629,-2.521,0.474,-3.654,6.714,-0.331,10.670,1.682,-3.322,0.597,0.000,-0.000
100.000,-35.240,-149.262,-87.425,0.212,-148.401,a_6,-0.066,-1.461,0.558,0.628,0.600,-0.662,-0.125,0.071,0.674,-1.266,-0.009,-1.097,-2.567,0.196,-4.978,1.105,-0.011,1.808,0.511,2.556,4.358,-0.794,0.663,0.000,-0.000
-28.942,-58.822,65.850,176.383,-70.002,18.693,a_6,-0.065,-0.475,0.772,0.870,0.073,1.108,0.440,-0.671,0.357,2.073,1.296,1.756,-4.585,1.124,-8.094,-0.629,-3.914,-0.592,0.782,0.121,-3.813,2.675,0.079,-0.000,-0.000
13.999,-74.597,53.471,-158.836,-70.001,28.508,a_6,-0.062,-1.060,0.763,0.860,0.511,1.254,0.407,-1.466,0.585,0.138,1.286,1.670,-4.853,1.231,-8.734,-0.009,-4.037,3.102,1.064,-0.009,-3.296,0.019,0.000,0.000,-0.000
98.385,2.950,146.172,-149.169,-70.000,139.850,a_6,-0.059,-0.210,-0.544,-0.612,0.179,-1.010,-1.003,-0.626,1.101,0.385,1.125,2.096,-1.885,0.484,-5.616,-0.021,1.359,0.502,0.304,4.509,-2.070,-3.111,1.107,0.000,-0.000
-100.584,35.001,-69.095,151.112,86.491,0.913,a_6,-0.056,-0.411,-0.633,-0.713,-0.003,-1.203,-0.824,-1.160,0.670,2.163,-0.042,-1.290,0.119,1.228,-1.213,-0.783,-5.443,3.628,0.394,5.052,-0.531,6.571,0.998,0.000,-0.000
31.187,-56.115,62.981,173.233,-87.473,29.999,a_6,-0.048,-0.252,0.524,0.590,0.148,0.628,0.008,-0.321,0.147,-0.480,1.397,1.732,-4.084,1.326,-7.793,0.225,-3.590,4.130,0.738,0.679,-1.753,-1.167,0.004,-0.000,-0.000
-84.070,-0.000,-85.240,88.730,178.595,-58.321,a_6,-0.046,-0.173,0.468,0.527,-0.168,-0.409,-0.047,-1.535,1.174,3.886,0.260,-0.497,-0.421,1.298,2.156,-1.044,-1.819,0.865,0.263,4.670,-0.385,7.012,0.055,-0.000,-0.000
-126.553,-1.432,-106.031,72.139,-133.581,139.407,a_6,1000000.000,-0.113,-1.536,-1.730,-0.022,0.071,-0.291,-0.378,0.866,3.530,0.622,2.579,2.602,0.759,6.509,-1.540,1.498,0.787,0.143,7.237,-5.649,4.252,-0.143,0.000,-0.000
-120.777,-41.830,-102.137,155.957,100.205,-1.973,a_6,1000000.000,-0.755,-1.493,-1.681,0.142,-2.690,-1.633,-1.386,0.713,5.118,0.008,-1.195,2.491,0.333,-0.183,-1.712,-2.006,-2.159,0.305,4.290,-5.963,2.354,0.114,-0.000,-0.000
-125.721,-20.360,-122.577,104.511,-162.786,83.932,a_6,1000000.000,-0.921,-1.391,-1.567,0.360,-0.010,-0.541,-0.924,0.724,5.085,0.210,1.440,0.909,0.385,5.056,-1.723,1.986,-0.389,0.236,4.725,-6.603,2.078,-0.333,0.000,-0.000
-117.849,-22.799,-109.049,174.838,83.467,-14.461,a_6,1000000.000,-0.587,-1.378,-1.552,-0.150,-2.733,-1.633,-1.210,0.808,4.506,0.045,-1.228,2.860,0.358,-1.710,-1.596,-2.074,-0.682,0.294,4.358,-6.884,2.975,0.463,0.000,-0.000
-116.187,31.386,-141.498,-69.887,149.306,-20.843,a_6,1000000.000,-1.128,-0.996,-1.121,0.557,-2.185,-1.135,-1.353,0.457,4.209,0.276,-0.080,2.452,0.351,-2.626,-1.599,2.530,0.557,0.281,2.374,-11.929,1.442,0.715,0.000,-0.000
-118.226,-11.302,-108.188,164.949,95.030,12.449,a_6,1000000.000,-0.502,-1.287,-1.450,-0.052,-2.092,-1.394,-1.525,0.927,4.276,0.123,-1.203,2.067,0.448,-0.674,-1.435,-2.679,-0.060,0.288,5.845,-5.216,4.467,0.526,-0.000,-0.000
-93.928,-27.129,-137.368,174.310,93.778,18.426,a_6,1000000.000,-0.602,-1.260,-1.419,0.033,-2.154,-1.412,-1.835,1.064,4.211,0.025,-1.718,1.593,0.260,-3.510,-1.436,-2.358,-0.894,0.434,2.516,-6.933,2.830,0.468,0.000,-0.000
70.291,-22.328,-140.997,163.326,104.480,-29.737,a_6,1000000.000,-0.437,1.257,1.416,-0.098,1.421,0.889,-2.161,1.362,-2.501,-0.073,-2.511,-0.943,0.380,-2.287,0.759,0.577,1.979,0.583,2.754,1.333,-2.196,0.243,-0.000,-0.000
79.622,-29.737,-118.768,150.750,105.980,2.941,a_6,1000000.000,-0.736,1.249,1.407,-0.028,1.994,1.078,-2.153,1.276,-2.776,-0.165,-2.647,-1.083,0.583,-1.917,0.923,-0.252,2.562,0.632,3.207,1.543,-1.963,0.190,-0.000,-0.000
-97.825,-15.717,-97.847,157.723,74.474,-22.617,a_6,1000000.000,-0.610,-1.240,-1.396,-0.158,-2.620,-1.539,-1.101,0.759,3.906,-0.080,-1.478,2.299,0.723,-0.933,-1.416,-3.213,-0.429,0.374,3.899,-5.235,4.187,0.311,0.000,-0.000
-83.814,-15.209,-105.032,130.635,75.311,1.732,a_6,1000000.000,-0.552,-1.232,-1.388,-0.166,-2.220,-1.399,-1.646,1.068,3.514,-0.034,-1.915,1.093,0.799,-0.700,-1.283,-3.101,-0.435,0.417,3.203,-4.063,4.559,0.177,0.000,-0.000
47.858,4.742,-105.163,-78.558,-90.462,115.073,a_6,1000000.000,-0.763,0.997,1.123,0.280,0.858,-0.069,0.444,0.306,-0.737,1.342,0.466,-0.527,1.406,0.450,0.486,-4.333,0.051,0.321,1.443,0.816,-1.674,0.019,-0.000,-0.000
62.225,-8.370,-132.851,77.512,-10.519,-46.186,a_6,1000000.000,-0.900,1.219,1.374,-0.033,0.355,0.286,-2.900,1.775,-3.882,0.161,0.165,1.055,0.826,1.236,0.768,-4.212,0.311,0.500,1.415,1.899,-0.848,-0.079,0.000,-0.000
54.624,6.879,-130.039,123.159,22.055,-135.741,a_6,1000000.000,-0.440,1.344,1.514,-0.016,-0.815,-0.324,-1.217,1.323,-2.476,-0.244,-0.486,1.617,1.085,1.370,0.572,-4.062,-0.110,0.271,1.980,1.120,-1.995,-0.023,0.000,-0.000
76.183,-30.490,-93.220,-126.354,0.011,166.082,a_6,1000000.000,-0.994,0.981,1.105,0.054,1.248,0.627,1.060,-0.201,-0.730,0.320,-0.076,-0.484,1.038,0.607,0.965,-4.898,1.976,0.739,2.082,0.807,-0.885,-0.151,0.000,-0.000
95.456,-4.267,-133.469,-60.590,4.886,103.438,a_6,1000000.000,-1.176,1.091,1.229,0.310,2.747,1.166,0.056,0.260,-2.190,0.855,1.143,-0.913,0.712,1.413,1.231,-4.776,0.112,0.395,2.789,5.890,-0.705,0.088,0.000,-0.000
38.199,44.691,-98.519,53.903,78.935,-68.409,a_6,1000000.000,0.270,0.989,1.114,-0.588,0.032,0.077,-1.315,1.289,-1.698,0.609,0.069,2.149,1.808,3.028,0.142,-5.678,-2.384,-0.268,1.590,0.027,-2.650,0.028,-0.000,-0.000
76.496,-16.217,-135.228,-156.083,106.810,-25.866,a_6,1000000.000,-0.165,1.048,1.181,-0.061,1.579,0.962,-1.265,0.799,-2.656,-0.193,-1.882,-2.959,0.477,-3.112,0.821,0.157,1.094,0.526,2.315,3.124,-1.626,0.454,0.000,-0.000
-89.387,-4.467,-107.693,101.952,-160.903,-165.706,a_6,1000000.000,0.115,-1.043,-1.174,-0.051,-0.073,-0.052,-0.803,1.095,3.518,0.044,0.488,0.721,0.946,2.685,-1.353,-0.089,0.401,0.293,3.774,-4.354,4.472,-0.073,-0.000,-0.000
8.402,44.691,-129.130,84.542,74.906,-135.857,a_6,1000000.000,-0.094,0.990,1.115,-0.114,-0.686,-0.243,-1.111,1.408,-1.139,0.050,-0.774,0.640,1.607,0.325,-0.073,-5.323,0.318,-0.332,-0.182,0.921,0.565,0.013,-0.000,-0.000
-109.154,-21.302,-117.454,138.838,107.705,-25.206,a_6,1000000.000,-0.924,-0.948,-1.068,0.006,-2.454,-1.384,-1.735,1.038,4.320,0.233,-1.081,1.344,0.414,-0.266,-1.504,-2.327,-0.811,0.331,4.817,-5.218,4.077,0.276,0.000,-0.000
-71.556,-22.683,-110.935,153.033,88.069,-14.681,a_6,1000000.000,-1.060,-0.984,-1.108,0.251,-2.215,-1.260,-1.864,0.936,3.428,-0.275,-2.413,1.627,0.712,-1.999,-1.238,-3.072,-0.687,0.538,1.777,-5.265,3.153,0.170,0.000,-0.000
-104.586,8.261,-96.797,-90.718,-179.909,165.833,a_6,1000000.000,-0.803,-0.013,-0.014,0.059,-1.144,-0.895,1.762,-0.168,1.132,0.946,1.192,1.674,1.049,3.414,-1.302,-0.947,1.460,0.207,5.982,-3.734,5.935,0.184,-0.000,-0.000
71.629,-10.909,-91.085,175.805,99.642,-15.271,a_6,1000000.000,-0.127,0.922,1.039,0.050,1.456,0.870,-0.641,0.347,-2.468,-0.148,-1.018,-1.287,1.239,-0.339,0.753,-2.071,1.275,0.479,3.328,1.021,-2.605,0.157,-0.000,-0.000
-7.879,35.449,-139.859,127.340,161.334,168.132,a_6,1000000.000,-0.379,-0.914,-1.030,-0.135,1.401,0.676,-0.626,0.992,0.814,-0.425,-0.562,-0.730,1.394,0.043,-0.324,-1.946,0.706,-0.197,-0.207,-1.178,1.510,-0.021,0.000,-0.000
-51.259,37.442,-104.573,-13.438,-157.948,42.955,a_6,1000000.000,-0.762,-0.901,-1.015,0.032,-0.473,-0.658,-2.319,1.441,3.243,1.066,2.864,0.808,1.571,1.217,-0.875,-0.784,2.326,-0.171,1.297,-3.593,4.461,0.053,-0.000,-0.000
95.703,-20.372,-105.083,126.969,86.855,20.863,a_6,1000000.000,-0.656,0.783,0.882,-0.173,1.943,0.909,-2.006,1.302,-2.754,0.203,-1.600,0.338,0.794,0.873,0.936,-1.187,2.537,0.442,6.207,1.110,-3.040,0.172,-0.000,-0.000
-48.155,-28.954,-146.250,175.379,72.919,1.372,a_6,1000000.000,-0.930,-0.898,-1.012,0.122,-1.809,-1.126,-2.229,1.223,2.480,-0.346,-3.119,1.532,0.265,-3.749,-0.957,-2.043,-0.398,0.687,0.450,-5.973,1.977,0.226,-0.000,-0.000
-51.553,43.854,-91.368,-19.700,-174.671,29.752,a_6,1000000.000,-0.407,-0.880,-0.992,-0.255,-0.755,-0.727,-1.982,1.362,3.184,1.228,3.123,0.492,1.739,1.752,-0.725,-1.146,3.512,-0.237,1.622,-1.398,5.932,0.103,-0.000,-0.000
22.151,-9.532,-145.850,-134.922,108.501,30.814,a_6,1000000.000,-0.541,0.875,0.985,0.193,0.832,0.292,-0.452,0.175,-1.459,-0.306,-1.355,-1.525,0.634,-0.760,0.125,-0.871,0.253,0.570,0.087,-0.025,-0.165,0.027,0.000,-0.000
49.633,39.960,-111.379,71.418,19.772,-158.029,a_6,1000000.000,0.608,0.917,1.033,-0.462,-0.412,-0.289,-1.027,1.373,-2.119,0.339,1.022,1.697,1.683,3.140,0.327,-5.795,-2.221,-0.218,2.449,1.052,-3.147,0.036,-0.000,-0.000
-62.407,-1.372,-108.221,153.184,86.864,-0.857,a_6,1000000.000,-0.749,-0.859,-0.967,0.174,-1.669,-1.064,-1.566,0.794,2.868,-0.212,-2.011,1.029,1.014,-1.611,-1.024,-4.092,0.455,0.379,1.696,-3.618,4.352,0.247,0.000,-0.000
-110.172,41.934,-117.738,-81.916,-132.441,-100.025,a_6,1000000.000,-0.267,-0.857,-0.966,0.012,-0.317,0.121,0.645,0.089,1.011,0.757,0.588,1.117,0.820,1.215,-1.140,-1.397,3.261,0.256,5.680,-4.996,5.635,0.802,-0.000,-0.000
-87.186,38.240,-93.815,-168.581,83.922,139.095,a_6,1000000.000,0.006,0.849,0.957,-0.385,-1.436,-1.070,0.730,0.125,1.151,0.304,1.416,1.633,1.294,1.005,-1.038,-2.808,3.529,0.117,4.093,-3.309,6.290,0.549,0.000,-0.000
49.120,-36.734,-141.259,179.909,81.390,-11.251,a_6,1000000.000,-1.326,0.702,0.791,0.541,0.611,0.416,-2.735,1.254,-2.066,-0.492,-3.600,-0.728,0.241,-3.234,0.549,0.228,2.113,0.847,0.996,-0.013,-1.014,0.072,-0.000,-0.000
52.056,-9.782,-148.858,170.033,105.760,10.564,a_6,1000000.000,-0.893,0.817,0.921,0.034,1.441,0.689,-2.155,1.240,-1.504,-0.208,-2.696,-0.941,0.462,-1.953,0.507,0.348,0.981,0.501,1.579,0.962,-1.873,0.193,-0.000,-0.000
37.784,44.221,-120.667,76.445,67.076,108.760,a_6,1000000.000,0.117,-0.801,-0.903,-0.313,0.807,0.003,-1.221,1.371,-0.035,0.397,-0.733,1.500,1.574,1.948,0.200,-3.046,-2.089,-0.253,1.348,0.538,-2.287,0.085,0.000,-0.000
-51.423,42.892,-109.403,66.532,116.813,-79.478,a_6,1000000.000,-0.454,0.821,0.924,-0.248,-1.056,-0.413,-1.669,1.409,0.937,0.480,-0.949,-1.196,1.459,0.008,-0.603,-4.355,3.975,-0.059,1.445,0.479,6.217,0.364,-0.000,-0.000
29.582,-20.760,-144.670,175.890,107.174,-29.001,a_6,1000000.000,-1.014,0.795,0.896,0.414,0.520,0.504,-2.339,1.162,-0.944,-0.519,-3.451,-0.162,0.442,-2.240,0.236,-0.627,1.037,0.699,0.384,-0.710,-0.638,0.025,-0.000,-0.000
89.027,-8.896,-109.545,18.448,-16.928,-146.107,a_6,1000000.000,0.009,0.787,0.887,0.166,1.478,1.022,-1.194,1.327,-3.432,1.021,1.520,-0.376,1.050,3.047,1.077,-5.338,0.706,0.425,3.830,3.134,-1.662,-0.108,0.000,-0.000
42.425,-32.491,-141.356,-171.870,106.539,27.973,a_6,1000000.000,-1.290,0.777,0.875,0.391,1.621,0.674,-2.158,1.060,-1.426,-0.555,-3.352,-1.849,0.309,-3.183,0.440,0.090,1.395,0.816,0.619,0.642,-0.761,0.113,0.000,-0.000
-53.115,-0.166,-113.942,-24.267,-168.391,-38.418,a_6,1000000.000,-1.375,-0.761,-0.857,0.320,-2.629,-1.348,-2.089,1.096,3.553,1.093,1.737,0.570,1.113,1.455,-1.064,1.129,0.353,0.329,0.780,-5.727,1.545,-0.132,0.000,-0.000
-42.074,42.294,-122.466,1.919,-175.126,112.837,a_6,1000000.000,-0.068,-0.756,-0.852,-0.055,-0.518,-0.688,-1.885,1.577,2.781,0.916,1.807,0.055,1.501,0.417,-0.799,-0.957,1.958,-0.252,0.685,-3.801,3.525,0.055,0.000,-0.000
88.965,-29.344,-135.866,165.211,70.023,20.355,a_6,1000000.000,-1.024,0.725,0.817,0.109,1.687,0.752,-2.395,1.353,-3.141,0.111,-1.970,-1.510,0.308,-2.601,0.943,0.998,2.755,0.527,4.226,2.065,-2.322,0.375,0.000,-0.000
84.295,10.565,-83.473,72.908,24.156,-5.121,a_6,1000000.000,-0.203,0.197,0.222,-0.519,0.262,0.026,-1.633,1.286,-2.977,0.607,0.618,3.135,1.527,4.812,0.473,-5.274,-0.467,0.168,6.892,-1.669,-4.796,0.078,-0.000,-0.000
88.499,39.542,-116.773,115.702,84.705,-64.331,a_6,1000000.000,0.205,0.714,0.805,-0.418,0.005,0.131,-1.269,1.177,-1.272,0.458,-0.298,4.062,0.982,4.511,0.172,-0.837,-3.726,0.143,6.799,-2.351,-4.868,0.551,0.000,-0.000
-87.200,44.167,-106.204,174.773,95.650,-16.628,a_6,1000000.000,-0.654,-0.686,-0.773,0.064,-1.554,-0.890,-1.231,0.687,2.606,0.016,-1.110,0.958,0.921,-2.247,-0.945,-4.776,3.455,0.289,3.010,-3.274,5.123,0.901,0.000,-0.000
-11.122,41.805,-123.453,-11.174,-106.783,-125.606,a_6,1000000.000,-0.318,0.665,0.749,0.065,-0.758,-0.223,-1.892,1.657,1.752,1.051,1.893,-0.636,1.604,-0.173,-0.383,-2.047,0.816,-0.302,-0.171,-1.623,1.547,-0.013,0.000,-0.000
23.820,-10.727,-130.823,150.372,97.206,-14.870,a_6,1000000.000,-1.176,0.557,0.627,0.412,0.313,0.256,-2.530,1.225,-0.692,-0.434,-3.388,0.410,0.839,-1.677,0.140,-1.844,0.707,0.557,0.255,-0.957,-0.497,0.007,0.000,-0.000
29.932,-10.350,-146.425,-147.884,109.810,-8.891,a_6,1000000.000,-0.522,0.643,0.724,0.287,0.828,0.494,-1.018,0.406,-1.224,-0.441,-2.049,-1.103,0.592,-1.216,0.246,-0.851,0.459,0.573,0.299,0.281,-0.495,0.052,-0.000,-0.000
-59.114,42.010,-138.501,41.200,-141.041,-75.888,a_6,1000000.000,-0.410,0.623,0.702,-0.051,-0.665,-0.160,-2.140,1.533,3.963,0.658,0.854,-0.892,1.258,1.267,-0.994,-0.036,2.431,-0.208,1.672,-4.893,4.435,0.097,0.000,-0.000
-28.100,-4.055,-120.781,14.237,-173.812,-157.517,a_6,1000000.000,-0.300,0.619,0.698,0.007,-1.777,-1.016,-2.031,1.592,2.569,0.929,-0.152,-0.520,1.080,0.081,-0.687,-0.474,0.238,0.443,0.154,-3.650,1.332,-0.069,0.000,-0.000
8.618,-16.011,-130.688,151.548,109.669,-22.872,a_6,1000000.000,-1.214,0.566,0.638,0.456,0.112,0.223,-2.583,1.255,0.080,-0.501,-3.599,0.314,0.770,-2.118,-0.093,-1.923,0.579,0.644,-0.098,-1.821,0.284,-0.002,0.000,-0.000
23.093,3.525,-98.149,-83.903,-110.370,175.179,a_6,1000000.000,-1.076,0.670,0.754,0.227,-0.517,-0.434,0.828,0.347,-0.571,1.379,-0.027,-0.851,1.511,-0.733,0.126,-3.131,0.266,0.348,0.243,-0.373,-0.499,0.011,-0.000,-0.000
74.123,38.032,-110.900,-99.439,-76.909,65.337,a_6,1000000.000,0.463,0.597,0.672,-0.335,-0.157,-0.508,0.941,-0.168,-0.222,1.157,1.148,0.591,1.397,3.215,0.482,-3.094,-2.772,-0.005,4.681,1.162,-4.041,0.345,-0.000,-0.000
35.999,-14.201,-134.844,149.113,97.878,5.446,a_6,1000000.000,-1.194,0.603,0.679,0.297,0.958,0.433,-2.657,1.358,-1.055,-0.343,-3.345,-0.070,0.692,-1.795,0.322,-0.993,0.975,0.595,0.702,-0.291,-1.056,0.043,0.000,-0.000
7.706,-18.003,-96.803,115.462,71.091,74.756,a_6,1000000.000,-0.858,-0.393,-0.443,0.364,0.375,-0.392,-2.008,1.338,0.277,-0.416,-2.935,-0.228,1.272,-2.531,-0.105,-2.712,0.666,0.656,-0.118,-1.686,0.367,-0.005,0.000,-0.000
-126.899,35.362,-104.149,156.573,96.286,-9.294,a_6,1000000.000,-0.924,-0.580,-0.653,0.053,-1.417,-0.863,-2.160,1.228,2.583,0.017,-2.053,0.971,0.562,-1.319,-0.930,-3.266,2.633,0.517,6.380,-3.316,4.929,1.206,-0.000,-0.000
93.615,40.425,-94.428,176.461,107.534,-11.797,a_6,1000000.000,0.063,0.542,0.610,-0.203,0.852,0.450,-0.379,0.349,-0.956,-0.015,-0.649,0.636,1.111,2.083,0.246,-0.067,-3.246,0.275,6.169,-1.200,-4.073,0.794,0.000,-0.000
86.135,44.249,-129.023,158.808,99.666,-14.938,a_6,1000000.000,-0.311,0.540,0.609,-0.218,0.568,0.300,-1.444,0.990,-0.776,0.098,-1.398,1.536,0.619,0.999,0.208,1.655,-3.517,0.272,4.896,-1.412,-3.842,0.807,-0.000,-0.000
-25.897,36.163,-102.863,172.342,77.727,-12.757,a_6,1000000.000,0.227,-0.529,-0.596,-0.297,-0.885,-0.577,0.238,0.048,1.686,0.176,0.375,0.089,1.582,-1.077,-0.490,-6.140,1.881,-0.081,-0.049,-0.692,3.309,0.201,-0.000,-0.000
-86.687,-0.252,-114.978,-64.759,-133.561,156.707,a_6,1000000.000,-1.338,-0.479,-0.540,0.452,-0.052,-0.328,0.892,0.272,1.912,0.864,-0.177,1.976,0.798,-0.175,-1.384,-1.251,0.500,0.326,2.671,-6.550,3.408,0.242,0.000,-0.000
